contract_address,token0,token1
0x0149ebe930260ccfdaaa8e3081b4c39446b6f491,0xc02aaa39b223fe8d0a0e5c4f27ead9083c756cc2,0xf57e7e7c23978c3caec3c3548e3d615c346e79ff
0x050397956e1fc8a0a2e62af035275f8a415b85a7,0xaaaf91d9b90df800df4f55c205fd6989c977e73a,0xc02aaa39b223fe8d0a0e5c4f27ead9083c756cc2
0x056ae7ca00620ed5ca7db8fce9819022a5c638b0,0x00b2e6eff49dae9a4c355b3d0addbaae4a47c003,0xc02aaa39b223fe8d0a0e5c4f27ead9083c756cc2
0x087209c5dccde18d925de55b27f6054d08c30511,0x19e2a43fbbc643c3b2d9667d858d49cad17bc2b5,0xdac17f958d2ee523a2206206994597c13d831ec7
0x0a05e2e9d6333387d4f634b08fff5210292f5561,0x99ea4db9ee77acd40b119bd1dc4e33e1c070b80d,0xc02aaa39b223fe8d0a0e5c4f27ead9083c756cc2
0x0b1ed1d00197ce84f0c86003ec4c7f2f06538abc,0xc02aaa39b223fe8d0a0e5c4f27ead9083c756cc2,0xf293d23bf2cdc05411ca0eddd588eb1977e8dcd4
0x0dc6cbdc6d2d44856d3fd4354246bc72ad538d68,0xaa19961b6b858d9f18a115f25aa1d98abc1fdba8,0xc02aaa39b223fe8d0a0e5c4f27ead9083c756cc2
0x0de0fa91b6dbab8c8503aaa2d1dfa91a192cb149,0x2260fac5e5542a773aa44fbcfedf7c193bc2c599,0xdac17f958d2ee523a2206206994597c13d831ec7
0x0e157cc74a5c22aac654780a53f1d5273050f38a,0x249ca82617ec3dfb2589c4c17ab7ec9765350a18,0xdac17f958d2ee523a2206206994597c13d831ec7
0x0e8d2aad60caf0df59fa897934cf8929a14b3b39,0x1a6658f40e51b372e593b7d2144c1402d5cf33e8,0xc02aaa39b223fe8d0a0e5c4f27ead9083c756cc2
0x0f641efbeff4be14762a276d4d3744ce40526653,0xb6ee9668771a79be7967ee29a63d4184f8097143,0xc02aaa39b223fe8d0a0e5c4f27ead9083c756cc2
0x0f74c81c67531146290bc34bd85516e2f9891d2c,0x55a290f08bb4cae8dcf1ea5635a3fcfd4da60456,0xc02aaa39b223fe8d0a0e5c4f27ead9083c756cc2
0x16e1576d21dac49374daaec35e8145fce25be7de,0x2ef52ed7de8c5ce03a4ef0efbe9b7450f2d7edc9,0xc02aaa39b223fe8d0a0e5c4f27ead9083c756cc2
0x17202e8e31fe0eebdb401b2e11492f5be52c8312,0x2c9aceb63181cd08a093d052ec041e191f229692,0xc02aaa39b223fe8d0a0e5c4f27ead9083c756cc2
0x182841f6e661170bb7ea7f7295a7b79ec1d696e4,0xb2f54326e6a8c0be4a68e645a1d4c8ac62ad605d,0xc02aaa39b223fe8d0a0e5c4f27ead9083c756cc2
0x1a58aa618df8f1ec282748fef6185c1a1cc2faa6,0xaa7a9ca87d3694b5755f213b5d04094b8d0f0a6f,0xc02aaa39b223fe8d0a0e5c4f27ead9083c756cc2
0x1c19fd9bd77d4383c66d9a6ecf1bc67d462c477f,0x6b175474e89094c44da98b954eedeac495271d0f,0x9393fdc77090f31c7db989390d43f454b1a6e7f3
0x1d10bb97bd9baebe98a09c6eaeb03c16467e2c73,0x04c17b9d3b29a78f7bd062a57cf44fc633e71f85,0xc02aaa39b223fe8d0a0e5c4f27ead9083c756cc2
0x1e49768714e438e789047f48fd386686a5707db2,0x1bbf25e71ec48b84d773809b4ba55b6f4be946fb,0xdac17f958d2ee523a2206206994597c13d831ec7
0x1e9ed2a6ae58f49b3f847eb9f301849c4a20b7e3,0xaac41ec512808d64625576eddd580e7ea40ef8b2,0xc02aaa39b223fe8d0a0e5c4f27ead9083c756cc2
0x211bf7fb0e1164ce62cd77b07ebd4865799691ad,0xf433089366899d83a9f26a773d59ec7ecf30355e,0xc02aaa39b223fe8d0a0e5c4f27ead9083c756cc2
0x231b7589426ffe1b75405526fc32ac09d44364c4,0x2260fac5e5542a773aa44fbcfedf7c193bc2c599,0x6b175474e89094c44da98b954eedeac495271d0f
0x2336caa76eb0c28597c691679988a5bcf5806e11,0x1f9840a85d5af5bf1d1762f925bdaddc4201f984,0x668dbf100635f593a3847c0bdaf21f0a09380188
0x23d15edceb5b5b3a23347fa425846de80a2e8e5c,0xc02aaa39b223fe8d0a0e5c4f27ead9083c756cc2,0xeef9f339514298c6a857efcfc1a762af84438dee
0x291c69fdaebd3cbe953843da243f8605a766a268,0x467bccd9d29f223bce8043b84e8c8b282827790f,0xc02aaa39b223fe8d0a0e5c4f27ead9083c756cc2
0x2a182e532a379cb2c7f1b34ce3f76f3f7d3596f7,0xc02aaa39b223fe8d0a0e5c4f27ead9083c756cc2,0xf4b5470523ccd314c6b9da041076e7d79e0df267
0x2c814e0346672ce6813f7e1eaf944be8703ec10f,0x6b9f031d718dded0d681c20cb754f97b3bb81b78,0xc02aaa39b223fe8d0a0e5c4f27ead9083c756cc2
0x2e134d87039a1c19654f2199c68ab824e03c16d2,0xa0b86991c6218b36c1d19d4a2e9eb0ce3606eb48,0xb8fda5aee55120247f16225feff266dfdb381d4c
0x2ea2eb8f9a1bf17bcbf2555536c9d1e24e45ebc0,0xc02aaa39b223fe8d0a0e5c4f27ead9083c756cc2,0xf8c3527cc04340b208c854e985240c02f7b7793f
0x306d9c4c195cb49d48599a773e18ab79469811e3,0x93dfaf57d986b9ca77df9376c50878e013d9c7c8,0xc02aaa39b223fe8d0a0e5c4f27ead9083c756cc2
0x3452a7f30a712e415a0674c0341d44ee9d9786f9,0x0954906da0bf32d5479e25f46056d22f08464cab,0xc02aaa39b223fe8d0a0e5c4f27ead9083c756cc2
0x375876d8922bd7edaa249648124c4a34bc528d99,0xc02aaa39b223fe8d0a0e5c4f27ead9083c756cc2,0xf5581dfefd8fb0e4aec526be659cfab1f8c781da
0x3758d1bab8e9ecd4084fdfe7810aa513bd2733c9,N/A,N/A
0x3827f0e43bb7d52a2ddd40eb8812180394a21b0d,0xc02aaa39b223fe8d0a0e5c4f27ead9083c756cc2,0xd5d86fc8d5c0ea1ac1ac5dfab6e529c9967a45e9
0x3af73bb96b335fc0fd2c4cf39ce95f3ff8c8de66,0x8ee325ae3e54e83956ef2d5952d3c8bc1fa6ec27,0xc02aaa39b223fe8d0a0e5c4f27ead9083c756cc2
0x3e7ac3dfe933d3027a5968be23c624f1309b1b02,0x464ebe77c293e473b48cfe96ddcf88fcf7bfdac0,0xc02aaa39b223fe8d0a0e5c4f27ead9083c756cc2
0x42018a2ff89b6d662b5f746277bd02f0d85f485a,0x08ad83d779bdf2bbe1ad9cc0f78aa0d24ab97802,0x7de91b204c1c737bcee6f000aaa6569cf7061cb7
0x428b03ccd51ee4fcff7df6c7deae4139a4b347ed,0xc02aaa39b223fe8d0a0e5c4f27ead9083c756cc2,0xdc63269ea166b70d4780b3a11f5c825c2b761b01
0x42bf7367d96afeeecdb6209c8a6573ce6d55b511,0xc02aaa39b223fe8d0a0e5c4f27ead9083c756cc2,0xff20817765cb7f73d4bde2e66e067e58d11095c2
0x44437eec406a881282bc5d27df4070419f9847e9,0x747f564d258612ec5c4e24742c5fd4110bcbe46b,0xdac17f958d2ee523a2206206994597c13d831ec7
0x452c60e1e3ae0965cd27db1c7b3a525d197ca0aa,0x2602278ee1882889b946eb11dc0e810075650983,0xc02aaa39b223fe8d0a0e5c4f27ead9083c756cc2
0x465a9f01aad291dcef3d2a02b7de9608ae152da2,0xaa6c7d24d03769370e1c31f7c4edf3ebe10b7cf7,0xc02aaa39b223fe8d0a0e5c4f27ead9083c756cc2
0x48200057593487b93311b03c845afda306a90e2a,0x9625ce7753ace1fa1865a47aae2c5c2ce4418569,0xc02aaa39b223fe8d0a0e5c4f27ead9083c756cc2
0x48e313460dd00100e22230e56e0a87b394066844,0xc02aaa39b223fe8d0a0e5c4f27ead9083c756cc2,0xd26114cd6ee289accf82350c8d8487fedb8a0c07
0x4e26311405906586742de36ad7db4ca2b6dab842,0x761d38e5ddf6ccf6cf7c55759d5210750b5d60f3,0xa0b86991c6218b36c1d19d4a2e9eb0ce3606eb48
0x5238b47a0acd39fb4049a48658e6fc32307492ed,0x8355dbe8b0e275abad27eb843f3eaf3fc855e525,0xc02aaa39b223fe8d0a0e5c4f27ead9083c756cc2
0x53455f3b566d6968e9282d982dd1e038e78033ac,0xa150db9b1fa65b44799d4dd949d922c0a33ee606,0xc02aaa39b223fe8d0a0e5c4f27ead9083c756cc2
0x593e9bcb8d172da8be54ecb6a2acd50eaa3ee591,0xaebbd7b2eb03f84126f6849753b809755d7532f9,0xc02aaa39b223fe8d0a0e5c4f27ead9083c756cc2
0x59d4a73b2edcde7d2e0edeaae118622e1ee109fc,0xc02aaa39b223fe8d0a0e5c4f27ead9083c756cc2,0xe6710e0cda178f3d921f456902707b0d4c4a332b
0x59e7bee6374a3f6ecb33180ece978fd4f2b7cea2,0x744d70fdbe2ba4cf95131626614a1763df805b9e,0xc02aaa39b223fe8d0a0e5c4f27ead9083c756cc2
0x5a70513ec742ebbfb99094c7fd3096a0a3e25b86,0x5c147e74d63b1d31aa3fd78eb229b65161983b2b,0xc02aaa39b223fe8d0a0e5c4f27ead9083c756cc2
0x5b64c8d934b5e180cf1ca814584c2655d81c5b5c,0xc02aaa39b223fe8d0a0e5c4f27ead9083c756cc2,0xe00639a1f59b52773b7d39d9f9bef07f6248dbae
0x5d149abac8c1b2c6eccda50ec5e74b70fecc24b7,0xbcd4b7de6fde81025f74426d43165a5b0d790fdd,0xc02aaa39b223fe8d0a0e5c4f27ead9083c756cc2
0x5d81b25054833fdfa023a1c46ad9dc2cdb8eaddf,0xa15c7ebe1f07caf6bff097d8a589fb8ac49ae5b3,0xc02aaa39b223fe8d0a0e5c4f27ead9083c756cc2
0x60031819a16266d896268cfea5d5be0b6c2b5d75,0xc02aaa39b223fe8d0a0e5c4f27ead9083c756cc2,0xf411903cbc70a74d22900a5de66a2dda66507255
0x629d22e6eeac46a11dbc96be93b90aee9309be4c,0xaaaaaa20d9e0e2461697782ef11675f668207961,0xc02aaa39b223fe8d0a0e5c4f27ead9083c756cc2
0x63057e90dea127dffef70ab7f78cf5596aeea66a,0x9fcf4497ed9fbb8d8b46259e4f2bb4749953ab8b,0xc02aaa39b223fe8d0a0e5c4f27ead9083c756cc2
0x64cac8fa24f437ceca90e20a7a24a609f162b0d1,0x362bc847a3a9637d3af6624eec853618a43ed7d2,0xc02aaa39b223fe8d0a0e5c4f27ead9083c756cc2
0x6593f97975400fcfee16a44d8448bb0509743e8e,0x7d29a64504629172a429e64183d6673b9dacbfce,0xc02aaa39b223fe8d0a0e5c4f27ead9083c756cc2
0x67258f507ee5ce6bff8d589749f4380cfa9b0131,0x3843a61f2960108287a51806c683fc854dc00354,0xdac17f958d2ee523a2206206994597c13d831ec7
0x67cea36eeb36ace126a3ca6e21405258130cf33c,0xa0b86991c6218b36c1d19d4a2e9eb0ce3606eb48,0xc5fb36dd2fb59d3b98deff88425a3f425ee469ed
0x6832a060135e3005834b6306e34d67093b683c46,0x6b4c7a5e3f0b99fcd83e9c089bddd6c7fce5c611,0xa0b86991c6218b36c1d19d4a2e9eb0ce3606eb48
0x68dd3780ef4ecb6129f10d9c66b92294546ba712,0x19e2a43fbbc643c3b2d9667d858d49cad17bc2b5,0xc02aaa39b223fe8d0a0e5c4f27ead9083c756cc2
0x68f8b52d098687c449a116779b7d4c15a1ddc7d4,0x9534ad65fb398e27ac8f4251dae1780b989d136e,0xC02aaA39b223FE8D0A0e5C4F27eAD9083C756Cc2
0x6d57a53a45343187905aad6ad8ed532d105697c1,0x607f4c5bb672230e8672085532f7e901544a7375,0xc02aaa39b223fe8d0a0e5c4f27ead9083c756cc2
0x7322abe9958a291f27f907aac35a17e29bf22bdf,0x320623b8e4ff03373931769a31fc52a4e78b5d70,0xc02aaa39b223fe8d0a0e5c4f27ead9083c756cc2
0x733a746dd6d1ed0d2b5da48c703ada934f8e979d,0xda0e01df73685568857d978ce573bd8b0ca18bbd,0xdac17f958d2ee523a2206206994597c13d831ec7
0x755c1a8f71f4210cd7b60b9439451efcbeba33d1,0x58b6a8a3302369daec383334672404ee733ab239,0xc02aaa39b223fe8d0a0e5c4f27ead9083c756cc2
0x76911e11fddb742d75b83c9e1f611f48f19234e4,0x961c8c0b1aad0c0b10a51fef6a867e3091bcef17,0xdac17f958d2ee523a2206206994597c13d831ec7
0x7820fa98cca35142992eadf8a3c5044e1a82ac34,0x2370f9d504c7a6e775bf6e14b3f12846b594cd53,0xc02aaa39b223fe8d0a0e5c4f27ead9083c756cc2
0x7885e359a085372ebcf1ed6829402f149d02c600,0x05d3606d5c81eb9b7b18530995ec9b29da05faba,0xc02aaa39b223fe8d0a0e5c4f27ead9083c756cc2
0x7937619a9bd1234a303e4fe752b8d4f37d40e20c,0xc02aaa39b223fe8d0a0e5c4f27ead9083c756cc2,0xfe3e6a25e6b192a42a44ecddcd13796471735acf
0x796bc3622a6e0cd32e7bc02a9b6d6fdcbaf1cb26,0xaaaebe6fe48e54f431b0c390cfaf0b017d09d42d,0xc02aaa39b223fe8d0a0e5c4f27ead9083c756cc2
0x7b73644935b8e68019ac6356c40661e1bc315860,0x761d38e5ddf6ccf6cf7c55759d5210750b5d60f3,0xc02aaa39b223fe8d0a0e5c4f27ead9083c756cc2
0x836d898e7941c2d1845041c2f7fbc57633eb0b3a,N/A,N/A
0x837f68d11cd15e8ab10dd5f3f210516f2cf2bcfb,0xbd2949f67dcdc549c6ebe98696449fa79d988a9f,0xc02aaa39b223fe8d0a0e5c4f27ead9083c756cc2
0x848df487d4793593d041c051533e8f5c45dc2ffa,0xc02aaa39b223fe8d0a0e5c4f27ead9083c756cc2,0xd0a2e008eb1f160fa6055a28d5224034d8f527f7
0x854056fd40c1b52037166285b2e54fee774d33f6,0x8daebade922df735c38c80c7ebd708af50815faa,0xc02aaa39b223fe8d0a0e5c4f27ead9083c756cc2
0x8a633d6744d674c7c4f70020b6dacdd0bae48a32,0x7b4328c127b85369d9f82ca0503b000d09cf9180,0xc02aaa39b223fe8d0a0e5c4f27ead9083c756cc2
0x8d9b9e25b208cac58415d915898c2ffa3a530aa1,0xba9d4199fab4f26efe3551d490e3821486f135ba,0xc02aaa39b223fe8d0a0e5c4f27ead9083c756cc2
0x90eb30fcb70ba833cb0e7607dd017bc051ddebef,0x24bcec1afda63e622a97f17cff9a61ffcfd9b735,0xc02aaa39b223fe8d0a0e5c4f27ead9083c756cc2
0x92f46887ee6681d1c7bb11cd2b8d464be4cefcd8,0xc02aaa39b223fe8d0a0e5c4f27ead9083c756cc2,0xe4b4c008ff36e3c50c4299c223504a480de9c833
0x9a632cd9cb44f9383bf6f3117056c2455b30a6e0,0x3597bfd533a99c9aa083587b074434e61eb0a258,0xc02aaa39b223fe8d0a0e5c4f27ead9083c756cc2
0x9ca8aef2372c705d6848fdda3c1267a7f51267c1,0x90de74265a416e1393a450752175aed98fe11517,0xc02aaa39b223fe8d0a0e5c4f27ead9083c756cc2
0x9cbc2a6ab3f10edf7d71c9cf3b6bdb7ee5629550,0xade00c28244d5ce17d72e40330b1c318cd12b7c3,0xc02aaa39b223fe8d0a0e5c4f27ead9083c756cc2
0x9e8def9bd18bdb7b8af41faec08bb09deeacd20d,0x9f042ccce032e22221dff3fbc2a470dbea8e2b16,0xc02aaa39b223fe8d0a0e5c4f27ead9083c756cc2
0xa2004695f906ea79cd06aa7f9be728a473d908c5,0x1471afa704f1bbacef21af4fba40212b5670ae5e,0xc02aaa39b223fe8d0a0e5c4f27ead9083c756cc2
0xa2b04f8133fc25887a436812eae384e32a8a84f2,0xc02aaa39b223fe8d0a0e5c4f27ead9083c756cc2,0xddb3422497e61e13543bea06989c0789117555c5
0xa32523371390b0cc4e11f6bb236ecf4c2cdea101,0x9469d013805bffb7d3debe5e7839237e535ec483,0xc02aaa39b223fe8d0a0e5c4f27ead9083c756cc2
0xa3bde90b41e04c568051ba22043298926900fda5,0xae36155a55f04a696b8362777620027882b31db5,0xc02aaa39b223fe8d0a0e5c4f27ead9083c756cc2
0xa416df4d96cd547337a3e8893bf3f01c2a2af5c0,0xc02aaa39b223fe8d0a0e5c4f27ead9083c756cc2,0xfb130d93e49dca13264344966a611dc79a456bc5
0xa4c13470da60e81f15d304d071a9e1168605a6e0,0x4ec1b60b96193a64acae44778e51f7bff2007831,0xc02aaa39b223fe8d0a0e5c4f27ead9083c756cc2
0xa5c475167f03b1556c054e0da78192cd2779087f,0x4c2e59d098df7b6cbae0848d66de2f8a4889b9c3,0xa0b86991c6218b36c1d19d4a2e9eb0ce3606eb48
0xaddcfb76e511530cc112166d6116d405fb743512,0xc02aaa39b223fe8d0a0e5c4f27ead9083c756cc2,0xc7555f6410e983c867748879b2f6d2b0b0e100fd
0xadf5291f83728bfeaef90ccec748fb89b5f30218,0x11831c3ff9d8231de8632ce10f59ed7fdc1c53c9,0xc02aaa39b223fe8d0a0e5c4f27ead9083c756cc2
0xb01c29f391f2abc76e7dbdb62e5fbe62ba9ac4ed,0xb8c77482e45f1f44de1745f52c74426c631bdd52,0xc02aaa39b223fe8d0a0e5c4f27ead9083c756cc2
0xb0dc4b36e0b4d2e3566d2328f6806ea0b76b4f13,0xa1d65e8fb6e87b60feccbc582f7f97804b725521,0xc02aaa39b223fe8d0a0e5c4f27ead9083c756cc2
0xb13201b48b1e61593df055576964d0b3aab66ea3,0x6dea81c8171d0ba574754ef6f8b412f2ed88c54d,0xc02aaa39b223fe8d0a0e5c4f27ead9083c756cc2
0xb154256024041e3011c8024874e698b69a2081b3,0x9e46a38f5daabe8683e10793b06749eef7d733d1,0xc02aaa39b223fe8d0a0e5c4f27ead9083c756cc2
0xb66c84d0d208f2fe593374d1447fdfb146b2d99d,0x723cbfc05e2cfcc71d3d89e770d32801a5eef5ab,0xc02aaa39b223fe8d0a0e5c4f27ead9083c756cc2
0xb8342778bf84774556f162a6bcad1993d04fb398,0x196f4727526ea7fb1e17b2071b3d8eaa38486988,0xc02aaa39b223fe8d0a0e5c4f27ead9083c756cc2
0xb87b65dacc6171b3ca8c4a934601d0fcb6c61049,0xc02aaa39b223fe8d0a0e5c4f27ead9083c756cc2,0xc18360217d8f7ab5e7c516566761ea12ce7f9d72
0xba87dc891945dbb3caeeaf822de208d7ea89b298,0x6b3595068778dd592e39a122f4f5a5cf09c90fe2,0xa0b86991c6218b36c1d19d4a2e9eb0ce3606eb48
0xbab761277f52fff80e35a961b4c63e95c733ddbf,0x7d8d7c26179b7a6aebbf66a91c38ed92d5b4996b,0xc02aaa39b223fe8d0a0e5c4f27ead9083c756cc2
0xbbcd9986304fe340870f4816c614ba0c7a53512e,0xc02aaa39b223fe8d0a0e5c4f27ead9083c756cc2,0xd794dd1cada4cf79c9eebaab8327a1b0507ef7d4
0xbce5a302a825fd67492fc63d82666707a01e7ab3,0x9a2af0abb12bee5369b180976be01e8c80d0e7b6,0xc02aaa39b223fe8d0a0e5c4f27ead9083c756cc2
0xbd3f7f179c480da24adfbf5c1127260902ddc590,0x1fee5588cb1de19c70b6ad5399152d8c643fae7b,0xc02aaa39b223fe8d0a0e5c4f27ead9083c756cc2
0xbdfe29d9e42ea541c581eef6cf3a2bb27b51e2c4,0xc02aaa39b223fe8d0a0e5c4f27ead9083c756cc2,0xff75ced57419bcaebe5f05254983b013b0646ef5
0xbecc1d7bf81f1f355e28d81c6daaeb630ee7198b,0xa71d0588eaf47f12b13cf8ec750430d21df04974,0xc02aaa39b223fe8d0a0e5c4f27ead9083c756cc2
0xc0a6bb3d31bb63033176edba7c48542d6b4e406d,0x6de037ef9ad2725eb40118bb1702ebb27e4aeb24,0xc02aaa39b223fe8d0a0e5c4f27ead9083c756cc2
0xc12fceda301b69497f5971236e16ec4810c8f1f8,0x8f298792b599365de2aa12af85ea7b9c265f47f3,0xc02aaa39b223fe8d0a0e5c4f27ead9083c756cc2
0xc1c191fee3e903ba5fcf3a467145978254a67079,0x9b31bb425d8263fa1b8b9d090b83cf0c31665355,0xc02aaa39b223fe8d0a0e5c4f27ead9083c756cc2
0xc2923b8a9683556a3640ccc2961b2f52b5c4459a,0x4fabb145d64652a948d72533023f6e7a623c7c53,0xc02aaa39b223fe8d0a0e5c4f27ead9083c756cc2
0xc34da1ab0f93dfed30729951dafcfb9ce3e2a9ae,0xc02aaa39b223fe8d0a0e5c4f27ead9083c756cc2,0xcd1faff6e578fa5cac469d2418c95671ba1a62fe
0xc44821a9c3d8835cba6d17f4c4db4133b1d7c382,0xa1d6df714f91debf4e0802a542e13067f31b8262,0xc02aaa39b223fe8d0a0e5c4f27ead9083c756cc2
0xc58d0b5f25633e37e8d0cc9a2c82c4397e1f826b,0x444444444444c1a66f394025ac839a535246fcc8,0xa0b86991c6218b36c1d19d4a2e9eb0ce3606eb48
0xc96f20099d96b37d7ede66ff9e4de59b9b1065b1,0xbaac2b4491727d78d2b78815144570b9f2fe8899,0xc02aaa39b223fe8d0a0e5c4f27ead9083c756cc2
0xccab68f48531215b0707e8d908c43e7de73dbdbc,0xa0b86991c6218b36c1d19d4a2e9eb0ce3606eb48,0xddd6a0ecc3c6f6c102e5ea3d8af7b801d1a77ac8
0xcf4236db746dbc1855a4d095aaf58da9b030491e,0x5732046a883704404f284ce41ffadd5b007fd668,0xc02aaa39b223fe8d0a0e5c4f27ead9083c756cc2
0xd07d430db20d2d7e0c4c11759256adbcc355b20c,0x903bef1736cddf2a537176cf3c64579c3867a881,0xc02aaa39b223fe8d0a0e5c4f27ead9083c756cc2
0xd0fbb87e47da9987d345dbdf3a34d4266cf5ebe9,0x3affcca64c2a6f4e3b6bd9c64cd2c969efd1ecbe,0xc02aaa39b223fe8d0a0e5c4f27ead9083c756cc2
0xd1b32d65ae5add070fb54bab3f28033c5a72c849,0x08ba718f288c3b12b01146816bef9fa03cc635bc,0xc02aaa39b223fe8d0a0e5c4f27ead9083c756cc2
0xd3772a963790fede65646cfdae08734a17cd0f47,0xade00c28244d5ce17d72e40330b1c318cd12b7c3,0xc02aaa39b223fe8d0a0e5c4f27ead9083c756cc2
0xd3e5ca0afeae61a24ff7a9219067e51f4bfdd8d9,0x31c2415c946928e9fd1af83cdfa38d3edbd4326f,0xc02aaa39b223fe8d0a0e5c4f27ead9083c756cc2
0xd5f0d0a582510bb55b38391ed4c930bf928a9f49,0xc02aaa39b223fe8d0a0e5c4f27ead9083c756cc2,0xffc63b9146967a1ba33066fb057ee3722221acf0
0xdacf0df40d3aee33f297505ef7166044ee6fa35a,0x446c9033e7516d820cc9a2ce2d0b7328b579406f,0xc02aaa39b223fe8d0a0e5c4f27ead9083c756cc2
0xdadc9459c36b345e2e2007d2d2746f44a0b3b2df,0xa0cf46eb152656c7090e769916eb44a138aaa406,0xc02aaa39b223fe8d0a0e5c4f27ead9083c756cc2
0xe2496e8d045e140a78c456a78438c317aac7f6de,0x8e3cf6478582a87a30cd5e6a10e939b642cd7c16,0xc02aaa39b223fe8d0a0e5c4f27ead9083c756cc2
0xe3ee3d5f7e9c750490d99ab166edc1886de0a85e,0x9b02dd390a603add5c07f9fd9175b7dabe8d63b7,0xc02aaa39b223fe8d0a0e5c4f27ead9083c756cc2
0xe4a914699be782d35a6bb8e3b05869beaa2c2d36,0xc02aaa39b223fe8d0a0e5c4f27ead9083c756cc2,0xf203ca1769ca8e9e8fe1da9d147db68b6c919817
0xe4fabdb6b1658aa39146d8017c0266f8fb0f1f1e,0x15f0eedf9ce24fc4b6826e590a8292ce5524a1da,0xc02aaa39b223fe8d0a0e5c4f27ead9083c756cc2
0xe504531c86cbc07a619b422509959b6f4f9a834a,0x24bcec1afda63e622a97f17cff9a61ffcfd9b735,0xa9944c550a5a463045d7955d3ad505c107a37008
0xe57280bf5fe314a99f4dac36d700ec901c069059,0xc02aaa39b223fe8d0a0e5c4f27ead9083c756cc2,0xd08481058399490b83a72676901d4e9db70e75ac
0xe6f19dab7d43317344282f803f8e8d240708174a,0x85eee30c52b0b379b046fb0f85f4f3dc3009afec,0xc02aaa39b223fe8d0a0e5c4f27ead9083c756cc2
0xe96c108da71dbdb2aa1056bc55c3a073061a2fa1,0xc02aaa39b223fe8d0a0e5c4f27ead9083c756cc2,0xd9fcd98c322942075a5c3860693e9f4f03aae07b
0xecba967d84fcf0405f6b32bc45f4d36bfdbb2e81,0x3432b6a60d23ca0dfca7761b7ab56459d9c964d0,0xc02aaa39b223fe8d0a0e5c4f27ead9083c756cc2
0xedf1fa564a91a5664f172470c47450af17724757,0x2f109021afe75b949429fe30523ee7c0d5b27207,0xa0b86991c6218b36c1d19d4a2e9eb0ce3606eb48
0xef6242a96627371836d6c1459ffd73cf83ff2756,0x4521c9ad6a3d4230803ab752ed238be11f8b342f,0x73a83269b9bbafc427e76be0a2c1a1db2a26f4c2
0xef8cd6cb5c841a4f02986e8a8ab3cc545d1b8b6d,0xa0bed124a09ac2bd941b10349d8d224fe3c955eb,0xc02aaa39b223fe8d0a0e5c4f27ead9083c756cc2
0xf22fdd2be7c6da9788e4941a6ffc78ca99d7b15c,0x02e7f808990638e9e67e1f00313037ede2362361,0xc02aaa39b223fe8d0a0e5c4f27ead9083c756cc2
0xf29450019834d7874b4e306275c4334326ac27f1,0x0cba60ca5ef4d42f92a5070a8fedd13be93e2861,0xc02aaa39b223fe8d0a0e5c4f27ead9083c756cc2
0xf346d00965776e504930675100c8e2871bd6530d,0x06a01a4d579479dd5d884ebf61a31727a3d8d442,0xc02aaa39b223fe8d0a0e5c4f27ead9083c756cc2
0xf5e875b9f457f2dd8112bd68999eb72befb17b03,0x3106a0a076bedae847652f42ef07fd58589e001f,0xc02aaa39b223fe8d0a0e5c4f27ead9083c756cc2
0xf5ef67632cd2256d939702a126fe2c047d0a07bf,0x6c6ee5e31d828de241282b9606c8e98ea48526e2,0xc02aaa39b223fe8d0a0e5c4f27ead9083c756cc2
0xf6048f2a7e1c44012265fab271c8eb89bb74bd4e,0x77fba179c79de5b7653f68b5039af940ada60ce0,0xc02aaa39b223fe8d0a0e5c4f27ead9083c756cc2
0xfbe0defe8b9f31b61b9b74047d5922321ec5c73b,0x42b91f1d05afea671a2da3c780eda2abf0a2a366,0xc02aaa39b223fe8d0a0e5c4f27ead9083c756cc2
0xfd0a40bc83c5fae4203dec7e5929b446b07d1c76,0x853d955acef822db058eb8505911ed77f175b99e,0xc02aaa39b223fe8d0a0e5c4f27ead9083c756cc2
0xffc8305f88ca38901bf1407567a5d0e17a9c680e,0xc02aaa39b223fe8d0a0e5c4f27ead9083c756cc2,0xc7f950271d118a5bdf250dffc39128dcced8472c
