"contract_address","contract_count"
"0xe4d227eb772a1bdf2ac2e8bd3302a68770c66962",50
"0x39cb081abdf46e66c52d595623f13e95c9c44da5",50
"0x70d239f67ecfc2f82cfd5657a44984693dec414f",50
"0x1921b852f38bc68430780242b2628d0ca14cef83",50
"0x576cea6d4461fcb3a9d43e922c9b54c0f791599a",50
"0xf6e14072490f5882b04d9dd5bc15dbb97133a38e",50
"0x67ed736475f307d834196cef89c6d1350b47d061",50
"0xabd50310f2a409257576ff4337ec0ab664ae8cdc",50
"0xeb9ef7cf6f9aea214b2541ee8605ff5ed608038c",50
"0x03e45d3752cb0c101b01cd1775ea4d0f9b2b1f95",50
"0xa02fe2e58f64eba572bf0ac994a0fd0024f1c0f3",50
"0x4ebed98c510d36504fca8fc6626a4c7a738ce9cf",50
"0x227671c3099e65dd54b0f94d2f3ef3106a7c61d7",50
"0x7f91a70c3138840464485f52aae77af1260730a1",50
"0x7358fe37606fd1b20c62bba5c5d36fe6ce78b07f",50
"0x5d3885aec049b804af538dcad690474d8950c641",50
"0xb6045683f1ae149eb3308b32e517b1bacbe93853",50
"0x80b4d4e9d88d9f78198c56c5a27f3bacb9a685c5",50
"0x15ab0333985fd1e289adf4fbbe19261454776642",51
"0x9bdc7dfd19b75b023e28bbb8e197295c51ce55e4",51
"0x86cccda3799a43fbceb4cec6ad8b028f5bf8b3dd",51
"0xf400534aeb6d113df955f2d8e09f22b4fd62fb2c",51
"0xc3b4acd01c91e813d49332f11c0ec294c76104fa",51
"0x8592064903ef23d34e4d5aaaed40abf6d96af186",51
"0x6122387da90d425829cdeb20132f9eae8458d68f",51
"0xbbad3df60fa7c189e06d8a02fbd45486cba1c680",51
"0xfe9021a8b264aa8368fe7a667abe9dc2ce09a692",51
"0xb1eb6c5aed3453ae1f11cce07daec26687d550a1",51
"0x9c76c0817cc44c7d376836ddfe8aca5b6130fdfc",51
"0x2e412af31fb0659f98259efc43d5b9161f6dbe5f",51
"0x13394005c1012e708fce1eb974f1130fdc73a5ce",51
"0x800d8285967b5a26aeea094709eb74ffab96fd40",51
"0x83e28c0eb5b410ccf7faa5bd7f58c2973999bfd7",51
"0xe856341f29b32f6fb83fa8c5a915e4ce001d754c",51
"0x1df4c6e36d61416813b42fe32724ef11e363eddc",51
"0x21edad4d801974a824404e4ed4b3bd95ab876b34",51
"0xd9e0ceb368fa446188d78a60f64a02d46e089e28",51
"0x08f68110f1e0ca67c80a24b4bd206675610f445d",52
"0x9f6be7293b1b548c1969592a16563fb6570df8d4",52
"0xd0fc8ba7e267f2bc56044a7715a489d851dc6d78",52
"0x9359c87b38dd25192c5f2b07b351ac91c90e6ca7",52
"0xfcb910d871d7e94f5a566b7b32fb2b19583c09d7",52
"0x826b34e62320108a9fa38a080360d693a8a73111",52
"0x42c2b823b358ad7617ac2de094400c26fa437f97",52
"0x110a2e661951f16d8ab2d0f15f2f038f9a43590f",52
"0x20fad0953846f72c02d0303c13019082f29d6e58",52
"0xd89746aa954a29356350fce14ab7ad1599b943d8",52
"0xb17e34881ada6e53216448617284ab112e20bb9b",52
"0x85cb0bab616fe88a89a35080516a8928f38b518b",52
"0xdf6739ec89fb18f6a9b764fc52669ab4deebf48e",52
"0x8661ae7918c0115af9e3691662f605e9c550ddc9",52
"0x56aba85804d3dda6c769f63f5daacab7836cc8fd",52
"0x0da6253560822973185297d5f32ff8fa38243afe",52
"0x590e245f4b927b0f32934d95edc1e619fb204817",52
"0xf6dcdce0ac3001b2f67f750bc64ea5beb37b5824",52
"0xd45e1e5e9489dfcf3f11cff53a93ca7662e5f518",52
"0x76c678417ae9c46b1e6a8f450c80af024f41307a",52
"0x7a6b804f4c1ec678f0ccd98424abdf420c304c50",52
"0x7fa640483993c968abc3d17b012f822441d1217e",52
"0x01962144d41415cca072900fe87bbe2992a99f10",52
"0xb961e90b10608cff90a76557a2e02e007fe2b062",52
"0xe12af1218b4e9272e9628d7c7dc6354d137d024e",52
"0x4b2c909f9003af93ef118c3e74c239d3ba896364",52
"0xe0e52675e3a21b45d33e11cdbbe9628bf7b698ff",52
"0x1533f61facb7cc3a632b12ea9f55d3fbb57309e0",52
"0x218a9d926d58448f28c2a809e3d9b4cd08520ae7",52
"0xc0d18db947c4c9f047f514b8c8e5e1197e5f13a7",52
"0x72b1410df9d22d5a3416066663fcc36b460c579a",52
"0x5ce6c939e6d640cca9d9c865adaa2b1e02c0a76c",53
"0xa3a93b1f3d76b97a81d7d39e8c81a4de08154a37",53
"0xa81b29b3266022cf387a5300530cb20eb0cf69ac",53
"0xeea71c6641a57c1515f6d0277c0159ba32192267",53
"0xfba26c3f9c8ecef989def3c5c8ad037487462d83",53
"0xc4480526e3d64f7ec7d7a6694c52d23aab658ed5",53
"0x0c442e01676870bfdea299780b85a166c5d84c79",53
"0xe6da0cbaedc5e1d0490ec2cda283b8d7f007319e",53
"0x286197e2cab68e7f401b719bede26cbee7e16656",53
"0x3b72010102d7051a029c151855aed24c502f9b3a",53
"0x0b943e458366df3276ac3a78d8f5f0805f881b08",53
"0x1ab72a7343b959656208a640dbe75c422ec302cc",53
"0x088ee5007c98a9677165d78dd2109ae4a3d04d0c",53
"0x6546055f46e866a4b9a4a13e81273e3152bae5da",53
"0x464bd7e6718a815c20a5ad529003d7a93a9676b3",53
"0x11f851639dd46a07f178e81ee1b234e91fd89c97",53
"0x7557c2c3daf063d9964c3a95c66a8d6add53e0c5",53
"0xc6452ca356e4ff5a9796f7816033986201381747",53
"0xbcc8242644ceac065d0b2ce929687133b21edfc4",53
"0xd366ed22f5b2262a2da4c32d8a4607c93690134a",53
"0xd260ee4632f04c8b594cc0694adadf2c30283838",53
"0xb84c45174bfc6b8f3eaecbae11dee63114f5c1b2",53
"0xc7cbff2a23d0926604f9352f65596e65729b8a17",54
"0x2e81ec0b8b4022fac83a21b2f2b4b8f5ed744d70",54
"0xd9fe79a0b8d00b0eeeca68dd802d7c9574f7ed25",54
"0x991f01dc9e492ef38142210fd675e7409b9bd4e2",54
"0x79b9300cf0665d5ccf4db12b9cf1619eafaf2736",54
"0x0763a9f52e69f089775027d4eb2d9715d532df2b",54
"0x647e9377f51660c3c27ed2425b468c14584a8427",54
"0x33ca8454b6353459502afab202f9bd1e5bc0e0de",54
"0x2906bdda4bde0338cf9af4370d5b838da4a0d08f",54
"0x4f07614775c82f949afdb1eeeec518c3dfa7a782",54
"0x88d1ffb9f94fc881ea0d83dddcdb196ee9da8739",54
"0x6208e69d3253420d995592c32e2d5a3918f8654f",54
"0xe449983ec949160a556e16c4a2493c03b1b39acd",54
"0x856180c014d712099e7d4649752821c81531ce57",54
"0xfa3f57cd4ab24a7c7266c47014895b9502fbbdbf",54
"0x5c596c6a65f628fc1090853d8eb1927651e9d9b2",54
"0x6a352f52030906a3f3944a55e26573bc46778171",54
"0x20d2c17d1928ef4290bf17f922a10eaa2770bf43",54
"0xda343364c36bdba86b20379ac833729e0f5412ee",54
"0xcf4236db746dbc1855a4d095aaf58da9b030491e",54
"0xaf988aff99d3d0cb870812c325c588d8d8cb7de8",54
"0xf01e605b6335735e31f7f2941e67c9e52afdcaec",55
"0x0e26a21013f2f8c0362cfae608b4e69a249d5efc",55
"0x6d2b2812f42340c6b0cb88008b73617187547b5c",55
"0xb717fdc897694e99af3024ef65e14bbdb1fc9a52",55
"0x23fe4f46ea57f8d0e991c04aaf365b0241e3c284",55
"0x31a010f741d85aaa235657110497286d1c5b2264",55
"0x448605019e8fb9aaac6619e346bd3ab45b398f74",55
"0x628e4d053049ddebbb5cbbf194842d92c522901d",55
"0x96467eae14bf1da07b5fedd07b2a4030b8f1481d",55
"0x9379f5e035cf6148c6bbee1d6415795cc773b0a4",55
"0x15aa01580ae866f9ff4dbe45e06e307941d90c7b",55
"0xeda54f3c21850b4722d4619a3f8e5c576e0d9ea5",55
"0xe916e2b56fb9fcb9b701a3573ac4bfcd1e7854fb",55
"0xc9d0d85fbf8d76402f991f035ef9472b083c6bd9",55
"0x56feaccb7f750b997b36a68625c7c596f0b41a58",55
"0x965e3a3007c02162d11ad3db98d475b8b9c690f7",55
"0x6cea05f7cb348d48a0bdf86889040f6a5bae98dd",55
"0xdeaf677af91ec0655124860e1a15177aee86303e",55
"0xd3fc82ac7b0737d48eaca680d833958f9bb64141",55
"0x90704ac59e7e54632b0cc9d22573aecd7eb094ad",55
"0x9a5a00938291b16362b5b4cbac7abf5d9b0de54b",55
"0xfb24af1636554c65534871d5bc25c18f1a29fb49",55
"0xd34c406123b16da6c8c3e0e53266162345aebdda",56
"0x80d972d2a62ba71814f4e08bd27f95e5d81d02a9",56
"0x1474c1fa8078edeeeb9753d76526c142158f3236",56
"0x8287c431f547b313d5bfdaf2fc8b738cff65358f",56
"0x0ba1e3237f7b8cfc48c9c3f086f03b22ebb72313",56
"0x80b078d69fe9e4f8b9cfe28aa9ec7d20fd0b88a4",56
"0x8b6ed5fa776f10787f1171bdeea4f3c40974df6e",56
"0xa7b3bcc6c88da2856867d29f11c67c3a85634882",56
"0xcffdded873554f362ac02f8fb1f02e5ada10516f",56
"0xb07d0bf82c710fcba79671ac4b1c54dfbeb44a35",56
"0x58fe0374c235bf784595f4e307ba7395b418e2fb",56
"0xbabe4490da9bcf0bbf062c40112aea2109d6ba7f",56
"0xc18394329fff639a2d390c4bca56f11bf3b02ea6",56
"0x7bd5a99facfb9bb042b1f0eff5acb5be49a04af4",56
"0xcf8881317e60893478c8de14aae5a939f07d0cf9",56
"0x3854612b93b140726167cca5418b01e832515d42",56
"0x190a6e305990f202ac98dc3a76500f339a35982d",56
"0xf04fccdf8b75d8ea32c6129c881247e558c8f16b",56
"0x20a4c1e6a60f01a7cd76a3506b983197f992d82d",56
"0x4ab6702b3ed3877e9b1f203f90cbef13d663b0e8",56
"0xf852ffa34a20113cd741f3cd9406a1a86b70c8ab",56
"0xd9e497bd8f491fe163b42a62c296fb54caea74b7",56
"0xc790b0d7291f864244b559b59b30f850a8cfb40d",56
"0x263ddadc7d54284b18b9eb314228278862ee393e",56
"0x8faf958e36c6970497386118030e6297fff8d275",57
"0x8ea48337c6c6677b0973437f2685d17717c0408e",57
"0x35d9f5f160de41fb9f7be4108abcee6508a1479e",57
"0xd29b761829b1c0e65877344876909bffdb21dfc6",57
"0x4349c4ca644bd8a6542b15d8b3b9d7924ee981b2",57
"0xae4045ffeddf61d570e6d1fe2d71ded1a2e85a88",57
"0x94f9721e8bb27e00297bda20c247001e89350f06",57
"0x49a7dc1fb5ebce7e76ad2e3b64bc35beccd5e358",57
"0xc5a643f4febb6085722ff0e2e0a4614d63618f64",57
"0x27a675e56eaa82d012c453c5f4de2dc10dd4b850",57
"0xa050f7adc241afa59ad5f343eaf4faf5f30a4cdb",57
"0xdafd66636e2561b0284edde37e42d192f2844d40",57
"0x61fca37c3579e6bbea3777072f72f5b3f12a5382",57
"0x122048f3948cca11d62fde61c4e1cddbfe78a9fe",57
"0x71fdecb07f03050322dcaf24c0feb40a4493f7aa",57
"0xcf0a1ef3ec2fa2a40a1810264d8e2e89ff3bb30e",57
"0xe41552e6212cb6f7faa381c7bc9434c58bf28ce1",57
"0xba13afecda9beb75de5c56bbaf696b880a5a50dd",57
"0x8c13148228765ba9e84eaf940b0416a5e349a5e7",57
"0xd4a22695ff58a19fd543ae119dca5335417d6389",57
"0x530433ee503a05c5dfc9ccac7740df230ee3adbd",57
"0xa0416c77dea1d88a8b03e7aa7459705e7b6088de",57
"0x7270233ccae676e776a659affc35219e6fcfbb10",57
"0xd2ff210c5d046f076f9435afb5e58cdbfbc8dd47",57
"0x87df58bd073e632158c7d359fbbeea6a12b307e5",57
"0x3fd4cf9303c4bc9e13772618828712c8eac7dd2f",57
"0xce691914d3859b523831743dc099ff3bf5feb6c9",58
"0xe2022135de540b58143e2b61c39a62c39029e0f1",58
"0xbdcdb7fae97ee1c77bfeeb66a1b2b573aba99050",58
"0x8cf818cb22983ef9a7ec7a6ef0bccee05c441e7c",58
"0xf6230de716e50bdbf4c5ea2b5e7d006bc6af603c",58
"0x6bbb0289dfda178555dd1ce4aaa8f1bdbfb1bcde",58
"0x747e839a12e13f3fae477f5efef2c16a75e46f87",58
"0xd3b4f5b4cf06498e4fbdd71c9da4f5befe01a0ed",58
"0x49846cf3195338d513c8e25d09e0ce857f47d2a0",58
"0x700fc86c46299cf2a8fd86edadae3f57014351b0",58
"0x767e751533b39301eb0c8549fc96abd97cca6fa2",58
"0x40c797f211bf6967404cce93acdfafb444070076",58
"0x8343cbfe85c3cadf76c76d15b87e18e89435fe4e",58
"0xa424cea71c4aea3d11877240b2f221c027c0e0be",58
"0x7f0ad47aadd80fe852d3060e49a5fc37d7e96a32",58
"0xad9ef19e289dcbc9ab27b83d2df53cdeff60f02d",58
"0x174eff1363c4b446f3425315bd6c12f305823d6a",58
"0x87f9eaede70419f704b361cf040693a30d731dcf",58
"0xdb58666bb92f9b621067c638dbfe20ae0d461391",58
"0xdc43af6f0bb73b3064964ada354b6869ef628f43",59
"0x9f8512d2657d192e59dbab41f8502864aaaafa4a",59
"0x9c39c7e6867eb79b770f2b59363aaba87a32e47b",59
"0x116927aee87cd9d9f73751ea0719af977491354d",59
"0x2fdbadf3c4d5a8666bc06645b8358ab803996e28",59
"0x1de8509a370f3f207367dbfe0f6a45e9115a5ec7",59
"0x797e1dc0738f2f047d7e0dd185e41a35f87c5618",59
"0x622270721fb38fde831ab23a8e177665557f6fa9",59
"0x2308b672ce1ecd4fcc5f5479a5dbe56a54db17dd",59
"0x04964a137fa1ddd61c02c61230e74e43f53402c5",59
"0x357ddf102003f708672bb2aa407de69b71db10d4",59
"0xe821f4df005c304053270873e96c6dea198891ab",59
"0x3cd3b7366eb2a7d871c312f8660fa68ced086d2c",59
"0x5bd3586034413a1abcd4ca684893af720903b5ac",59
"0x18adbc0144059be823a5d0de1d6445002f858eb5",59
"0xf82d8ec196fb0d56c6b82a8b1870f09502a49f88",59
"0x4b1f895066058662b9fa885e87a4e4159be0798a",59
"0xac4fd96fcf729390a3c8044422a529028ec36751",59
"0x9d87494b184286986b4358ce9217f98645ed3418",59
"0x7d1e94851df4e377d8d44049835499684026154f",59
"0x1ffc57cada109985ad896a69fbcebd565db4290e",59
"0xf879ada5643d19704661020ec4bfe5ff871e62f9",60
"0xa8ad63b449cafe7862adc842baa1f06451d74dd5",60
"0x5003fdfc747a0acf06266c54fe7285abbca14f25",60
"0x53e79ef1cf6ac0cdf6f1743c3be3ad48fa3c5657",60
"0xaeadc652657f603144a7f687c50f057720ee49b1",60
"0x7c01389ab65dc7034df378cefdfb407b6528381d",60
"0xfadb27d25d5c41cec5d16078a56fa9f5fde46d43",60
"0xb31c473b53bc4ab16174b93d36fef2dc2d7c9256",60
"0xe7f6720c1f546217081667a5ab7febb688036856",60
"0x991643df7e0673e95ad037867e9431cd42aa45eb",60
"0x3615c02b1930d67884bf533b1f57c803ed610ce2",60
"0xc29271e3a68a7647fd1399298ef18feca3879f59",60
"0xde935482269f365e2e3d49221bf3964dc4b9f015",60
"0x4085cafb2c519e6bf69ad410d91dbb6139948366",60
"0x99132b53ab44694eeb372e87bced3929e4ab8456",60
"0x7fb505a656d6d2c22b5ffa7cb249e5fdaca354ab",60
"0xa43db55a6d690eecbaf185cf7725e15dc024ec5d",60
"0x56485c13763e9fbdbcd26e47449317d79719c30b",60
"0x4548280ac92507c9092a511c7396cbea78fa9e49",60
"0x92c77e404e12e674fee77c04330238c0f2704cfa",60
"0x2e73ff42886796a7673f863135e663335c951595",61
"0xb003df4b243f938132e8cadbeb237abc5a889fb4",61
"0x5104846dc1c3c7697b856dc69e350ae4dcc47e24",61
"0xb918f52f6b9763af818c256fd95fcb873072a016",61
"0x9cd85d0edeabbed2352c976a75c86e71805f67c6",61
"0x0ff6c9cb0755d45d237813dfd76928e54a2c1001",61
"0x2f679f848622da6f39f9ad807c7786618d283c79",61
"0x649e681818915271fbf9bfd819490b42254cf78f",61
"0x9acb8dc8c153af5d36dd971a3e61f9f28ebadb35",61
"0x9ad2c85c847665d5d9597082239221cd7d49e628",61
"0x811cfb75567a252bea23474e2ccd1286927bfe0a",61
"0x051f301bc65b7caea46d7eaf33852afabd00f283",61
"0x58ebe18e0f468d5a6e1a4050248f9781bc55c1dc",61
"0x4087d0e6e513f260de87408bee9334a5742cfdf4",61
"0x8973be4402bf0a39448f419c2d64bd3591dd2299",61
"0xe3ee72eb813158be1d469306792f4301161c7177",61
"0xf116faede59fffbf855c166507242279fb8d8d9b",61
"0x318fbee0a0d60e5de7009864632ceda8d77489b8",62
"0x8dd34eea39d0d90edfe5f8cc8005c99b905df139",62
"0xff05c58c840a09e58228ea868453b92900b64311",62
"0xb223ce5bd5e928b5eb46cfe80d4ffa58fc66d7c0",62
"0x9def9511fec79f83afcbffe4776b1d817dc775ae",62
"0x0bdcde6854f64a1144192b2e2bb4c995b50cd849",62
"0x9b3df8eae6e1ed1b931086852860d3c6375d7ae6",62
"0x6490828bd87be38279a36f029f3b9af8b4e14b49",62
"0x0b20792b44df2077e38a48cf8260122f0251fbaf",62
"0x7579aeb3f980186841e43755ce9890fc4c522469",62
"0x710ebbf5814e26c5b8f975e66fb7da508a080bc1",62
"0x408dce390762b92c07f41b0bd7c89b7afd501504",62
"0x23d0b87ec5e4547825d8bfc676261e39811fb57e",62
"0x587ce73bb6bd41c8ff04d44517f159be79d64392",62
"0x960ef1e08b8282eda307d913f6bb1d3292adc351",62
"0xd29672483efb99dcb239f08abce31add3375f886",63
"0x34b8487fc2912c486b04d1436b07f19f7730cd43",63
"0xb49159afeb54f8922b0a82a5d58bd4728b8c20bb",63
"0xb6660850b55275ed1e271ff34b8161de929066b7",63
"0xe342253d5a0c1ac9da0203b0256e33c5cfe084f0",63
"0xcdecb52174f87fc519c99b6cb61bbeeeaefa7a3d",63
"0x0ae2fdf3312d096125ae34ccecaa6449005f02e9",63
"0x880029a4245fef3d739785ca0e4e646d095488ad",63
"0xac36ffd79e1897c0cd9a6dafbc0e6732f7b185fa",63
"0x34a43471377dcce420ce8e3ffd9360b2e08fa7b4",63
"0x58025c79662e81f1ee72bce632511faf4e6aee01",63
"0x1ae681c9d9cf2e47a43b230d0370fab321921bb9",63
"0xd75ea151a61d06868e31f8988d28dfe5e9df57b4",63
"0x8f0cb37cdff37e004e0088f563e5fe39e05ccc5b",63
"0x91204649a5c9ab2cadfc2089fd22ed0fbfe170ed",64
"0x6a68dc44a6d446734fe0a4e5ec7bb37f1862279f",64
"0xca7ffdf02478768800ce1a3941fcf37fc410899c",64
"0x35e8777ec43cb99e935588dcd0305268f06c1274",64
"0xcbcc3cbad991ec59204be2963b4a87951e4d292b",64
"0x10358db0e8532455d3374fb09cf3fbec631b1914",64
"0x0cb3a2e6419eaf94c5bb4609cfe9271b93afb311",64
"0xaef16913b6c50ebcf627a394921f306985fc8604",64
"0xede8dd046586d22625ae7ff2708f879ef7bdb8cf",64
"0xf2dffb87436da8ab41923836979c27ef24ddbe4a",64
"0x9cedf575352b3163cc3a03292852f404b5684b89",64
"0x4f9fcdae3950a033074b93e269b6c382109fae71",64
"0x2979e18a7c2086192db05b97ce180a3647402595",64
"0xfdc650aac7faa54be1b33cd161a9242aaf62c42d",64
"0xd3597208283321ea4ca7902cf5b62d28ea9b4d58",64
"0x12f3e22f171436121c2c61f72d5ad6e1de303856",64
"0x7d252321d25edc3a0e0172308fb6f020d7782f26",64
"0x0fd335105fcb96c1cfd3d2341066e7bf6a71c77c",64
"0xcd02a882804f3eb0f2d80f94a04defcea038359f",64
"0x715a3ceac0d039d674f50b07804592e87e8c6d77",64
"0xf8ce73aed2d2efc597d0c840ddb7c73b1a5880f4",64
"0xb2b4554acf93731d6008990f5034e1f1647ae49f",65
"0x6aca934fe0e1f77bc1ba9f0428d582b12c3896ab",65
"0x8c6369252e4b54c212471303c3a6e6017be9ad62",65
"0x4016dd4ab52b2868a62bec0b6ac6a48ab96c8b99",65
"0xceb63a909d95c9222cdf5b08044f5dae72cd036e",65
"0x60a26d69263ef43e9a68964ba141263f19d71d51",65
"0xf5c254de58c1a1548199cf189e790d06999f9267",65
"0x78194ba1a135a71f7fba71fda7cdd3885872b8ff",65
"0x18cd890f4e23422dc4aa8c2d6e0bd3f3bd8873d8",65
"0x19c10e1f20df3a8c2ac93a62d7fba719fa777026",65
"0xd35efae4097d005720608eaf37e42a5936c94b44",65
"0xc2fa5fd1c1ad37701ef1b26c5f0680ac807e3efd",65
"0xa1ccd2a8fd5f1ccd5fc5ede255f4d53ec8004489",65
"0x62c771a17a090140f86da90f9bd619ee0ede6445",65
"0xea4ba4ce14fdd287f380b55419b1c5b6c3f22ab6",65
"0xb8b7c440c36e31686bf1e1bdca76a52e730190fc",66
"0x822bfd55987884be3a0b6aaf6735a4256126816b",66
"0xf4bffd826c6cf401221afb97f47c1db60d943db8",66
"0x42619f1eb89b993f7f5193de6ab1423a703fc344",66
"0xb6f20261cd3f9621c0833fd767e6b274fd8e8508",66
"0x46290c5ca856408ddbb733954626ce7970ed8723",66
"0x18fc7c7ff06dc381e1b6018586ed3118cc4980f4",66
"0xcd423f3ab39a11ff1d9208b7d37df56e902c932b",66
"0xe2f58ca03197e141ba08489200502b4d2c057f48",66
"0x8de7a9540e0edb617d78ca5a7c6cc18295fd8bb9",66
"0xed6840988d458ea2b81ef538aac38b3436134748",66
"0xcfac0661d802ef85ece2f02ca691cd2079a19456",66
"0x7491fed2a2111c4224ac66e111a73955252175cf",66
"0x26577f58af2f7de1a85034bb360fd154cda022f3",67
"0xf00e0831e620280b028452b634735ea21e5cad77",67
"0x2b43fe4f41d871fbc75af6e0ce85bce38ff1edc7",67
"0x5c2891e67cba6b5481f89d3701a78a1cfdac117f",67
"0xa914a9b9e03b6af84f9c6bd2e0e8d27d405695db",67
"0x8e8a5dd7960a428cced2b4e0c2054ea7888ec75e",67
"0x853a335504df3a6b422708867fa9f8e019f754cb",67
"0x82c427adfdf2d245ec51d8046b41c4ee87f0d29c",67
"0xc1a17d4aedd37f476cd7d8fcca0adbc17ebedb41",67
"0x419991da56d9ad96a1a38513b7ae7e49caa4b82c",67
"0xfa4a4c553733f2e0c54f1c4b0ddc1fa2f5f10ce6",67
"0x73ea3d8ba3d7380201b270ec504b33ed5e478542",67
"0x959c7d5706ac0b5a29f506a1019ba7f2a1c70c70",67
"0xcb0c5d9d92f4f2f80cce7aa271a1e148c226e19d",67
"0x859f7092f56c43bb48bb46de7119d9c799716cdf",67
"0xd2d95999cabe14bd1bf943f5ab41b57462afbc7e",67
"0x4261a2fc11abd29697513f197fccf09fb45ec346",67
"0x92ee0df7f6b0674cabc9bfc64873786fa7be82d0",67
"0x60af8cf92e5aa9ead4a592d657cd6debecfbc616",67
"0x5fa9569b0ed6aa01e234468e6a15b77988b950df",68
"0x29eba991f9d9e71c6bbd69cb71c074193fd877fd",68
"0x0e59f2cfda2bb2e7fee10278dd2016a2e4311d72",68
"0x3774cda2fb293e83fe19c3188d02089b3ee891dd",68
"0x83abecf7204d5afc1bea5df734f085f2535a9976",68
"0xc4ae6a6cb47dea90f22271f14fd9f66b5dec74a4",68
"0x4bec87cb126de6c1f8b410e32d1f4ae472fdd83b",68
"0x792419c3cec19edfb164db8c5a909a4cca94b686",68
"0xc57cac126676471c547d2d9b1c283e56ef1b28f4",68
"0xa305f3aad48e285c002a2dbadbbba58fea10ad45",68
"0xaba0bf2de7842c419da6ca99f1a1e2af9469ae58",68
"0x2763a59b0f654cae0e34e883a66d4bf138c4ba0a",68
"0x340dba469a902c890f668e5ce725de86eb503822",68
"0x027039bd4ea6ac7f80fef4be2d0c6b74bfa932f9",68
"0x09eb68c8a78616ff97ced9fa46ad479d03f7150b",68
"0xfedd9bc3afb9a53d8d4aa2eccfbf5904e26f7f7a",68
"0xa2b04f8133fc25887a436812eae384e32a8a84f2",68
"0x25752db4c322fb373723cb4790b8646c905b2059",68
"0xc7cf089fb4bc91f1981df2285ca019ab09a5dd3b",68
"0x0e85fb1be698e777f2185350b4a52e5ee8df51a6",68
"0xcede28c51b86988a2e91a4c27e80733e0adbfe7d",68
"0xf169cea51eb51774cf107c88309717dda20be167",68
"0x24b8c320a4505057cb1e4808d200535ec5320817",68
"0xee35e548c7457fcdd51ae95ed09108be660ea374",68
"0x5281e311734869c64ca60ef047fd87759397efe6",68
"0xaf35e0bec7ddb1024525b6b8e098ac4e5e6aac4c",68
"0x893b0b4615d4e4325fa53d9cf55aab23d4b1311f",69
"0xd3772a963790fede65646cfdae08734a17cd0f47",69
"0xc472019059bf9809f7abf88c0c8f117bfc79742b",69
"0x59af6259f5667d9dd6b3210b3c50ff6bdb153428",69
"0xf0230b6f9604e3edc13e125806e4c5446c34dfdf",69
"0x22bf5594a4eb88113f5f9d4e3f7b5317380c87f1",69
"0x99686f9ab981ee3eff27a2bcc59af3f6da91d16a",69
"0xc105aebcb973c9351840722de4333d1d21dc7f68",69
"0xea9b00b169dda4cbc9fa0a64b0d1e4a6a23a3f34",69
"0xc5f93997e111fc3dff6cb1f9ef84fd7040996de6",69
"0x6ecb15646b4d54193b4baedc58582a89b341741a",69
"0xc362281df381ad275559c17803923b5e11a74852",69
"0x70b7f90b4eb24868c7c6ab6d0dfdd04cbe26114c",69
"0x6db0f81db2c3b2a85a802d511577d8522d0d8c14",69
"0xfcc3b8959d99f1154f0b1ac0252aa7e0f0617bcc",69
"0x31c0ba10e4e12be6cdceb612e5e829d977532bfc",69
"0xfda750908ef5b6a8050153231d1e0d8c93940fe8",69
"0x69c43766cc165da96530891c2f6c2169fbe01aa3",69
"0x684b00a5773679f88598a19976fbeb25a68e9a5f",69
"0x13dc0a39dc00f394e030b97b0b569dedbe634c0d",69
"0x4633afa7c69379ba09912a42b7e59388af596081",70
"0x8dacbad3b875f95497a9497dcf177692e87a6f90",70
"0xea59a3da9cad8ece406a353ddede0e7d17604d28",70
"0x45a154971ba574587e837585ff6fd2520be73339",70
"0x894b6512af2dd88e701de36a9f1a206b220594e5",70
"0x30f647063fda04fcfabd21a806668033ae38a598",70
"0x550f18007d466dbb406dcd4d73aa7ce7eb932fb1",70
"0xe0076d311a4628516d157ad684dbd2ddada3dafe",70
"0xef2d617aba28065a9cbec9c60728d0371bc5bbdc",70
"0xb8a1a865e4405281311c5bc0f90c240498472d3e",70
"0x12c6d758a3da52b7460464039435fd8555da7090",70
"0x6fb092521191ab1ec60c83ae9e71dfafb25da9d6",71
"0x8867f20c1c63baccec7617626254a060eeb0e61e",71
"0x3b2ff889bf8297fee9210487261de28743aef92f",71
"0xc03c6f5d6c5bf2959a4e74e10fd916b5b50bf102",71
"0x460adbd7892f4f55c24adb11796a06bf03386d62",71
"0xdbbf0a059f07799d5fa729a3a65ece3680864eb6",71
"0x2a7ae6e345841e0e58ec80e78ccb6491170f92fa",71
"0xe61cedeb1593e2d9f06af1e212842c8b5e289863",71
"0xe9c19c79a2fa039ad2df054f8f3230b8d6aca8d7",71
"0xe7f05308e67c33d1041438adcbbb4405e6430e62",71
"0x289668eb33e1576947b9f6b3c2f1f211aade3612",71
"0x205bd997b80dd877f84dea19acfa21f86ff7e460",71
"0x9f178e86e42ddf2379cb3d2acf9ed67a1ed2550a",71
"0xe82701fd630c91d35cdb923516c6a466ecdd0d05",71
"0x6cccc97d41fc549fac8d18b64a0321a5d423b2f9",71
"0x0eda4ce3b37e708d0b5a574b8ae071e14a2daedf",72
"0x31849783b33aa56570b41f5194e6526911eec3c7",72
"0xc88deb1ce0bc4a4306b7f20be2abd28ad3a5c8d1",72
"0xe1525583c72de1a3dada24f761007ba8a560e220",72
"0xb34daaf8832432e5619efcf8262a4f5ecfd1384a",72
"0x8ef79d6c328c25da633559c20c75f638a4863462",72
"0x2cbe315056605722d9c2c422110fa24e2f222d57",72
"0x0a6fc72967d2b559507d2e03c631ccafb8bcb872",72
"0x400ab832b7f359ed54df16a757446e153543c3d7",72
"0x79376b44c43eeaf39f2d4ef6ab40e534e58c68ba",72
"0x8588f0c49849c011d5b5e3318bb0d1fb8534266b",72
"0x304959443e3b7fa4b91a996e35922e464d94c7c7",72
"0xfa01efd99fa232329ac0a57bce1118379b80925e",72
"0x1c647cb82c4aceaff363598f45a7ad82bcafe021",72
"0x80ed1b41476b95fb47830825b65fd3bf59f6a348",72
"0x4b9d963a6549dfd816a492d312a976924051c782",72
"0x5c5bf32f96e0d787973394d7289c83aada1c3cd8",72
"0x4e9e73c0170f09e709573127c4ab02e57b868178",72
"0xf233b90b40ef3eaa81607de1aa45e3923366d520",72
"0x7e72b8a98a37a07330a507f8974da6182176755e",72
"0x84806503936b25b19b77de3ef5564fb980f8652b",72
"0xa40bb1c47f6dd27142a2bd7c93bfa98db9d1f5c5",72
"0x3bd4c71155de785328bd7d1118acad7798cbaf6b",72
"0x203c7447262665b30aaf6631787d5243fc190b66",73
"0x19550203d00abf2f40ff2c492e367832845e695f",73
"0x1399448affd2721ed537a349d0a09f466ff4764b",73
"0x9eb51eb22813ee077e7ef4739a68d8e0b8e67cc6",73
"0x559ebe4e206e6b4d50e9bd3008cda7ce640c52cb",73
"0x1712197ff6d0c95d30f0b83edcd6d6ed63eb1d08",73
"0x12cc685eeb95d3fcdfae0a996e214e51fa6f7548",73
"0xd583d0824ed78767e0e35b9bf7a636c81c665aa8",73
"0xd0819d3cd7482c3b4947725b0005f458e1a22da5",73
"0xe1ed26a9e036a6bc63faf5e7979a4f22e80e5a04",73
"0x469506e58d4d0d7abb476dd5c0a999d46723351f",73
"0x9f93f419d0267877247a39b4eb6b2775abac6bdc",73
"0x495b960a11d47ee4278667b428a33c3ac2ecd054",73
"0x11c3e34fd9d255a67f4229c6ed25ea6551ef40a0",73
"0xd40ad56190b333c53fbe2aa4c4ab03fd3d76e40a",73
"0x15e2cbcc43b07d74eb48e686ec80cc9ece98a0c1",73
"0xb4d5c87c1f99aa25bf6487c42c3caa47a40b0f4b",74
"0x897fa9cdc83e221a02156f1fcbba9271b2500a97",74
"0x2dc9050d9873f50526e467e983d435e6d8d9afb0",74
"0x71b8c524c9cfa06a9f095086320be4bef1ab23c3",74
"0xf8c583e3cd57b0b723e532388684591bd2d0eeac",74
"0x54ccc9347c5dc65ed5fbcb837880badfe4f00dfc",74
"0x113fef6a431d4789be9083eb53910679f7c0f18e",74
"0x70edf65689008c35f0baf7f37c8ed8a1c38bb857",74
"0x849bd22541fac0aeba3543a4d281faec66ddb62f",74
"0x473c2ca9dd7b4bf5ab1944305d587fa56ca5a8a4",74
"0x2afeaf811fe57b72cb496e841113b020a5cf0d60",74
"0x2dd35b4da6534230ff53048f7477f17f7f4e7a70",74
"0x7858e59e0c01ea06df3af3d20ac7b0003275d4bf",74
"0x198063c23ac1317ff3cc57d9f54faac6b675d89f",74
"0x2be2690cbdfa55d0e4930724945a4b2a82a8b719",74
"0x67e8c142de6c52231126010339a3672bcd3e8692",74
"0x20e95253e54490d8d30ea41574b24f741ee70201",74
"0x3eb3d4262c4894037352cdf24c6a1a3af028b374",74
"0x7420b2e5b17d376db6ab9d43f723dbb4cc9817b1",74
"0x270250af8569d4ff712aaebc2f5971a824249fa7",75
"0xeb8b596e99d2d2b9c34cca3067c9ac1e4389de83",75
"0x90d7b25455447e10d4a27f8459c6ca66fe66d559",75
"0x440bb7a5fc57764d9e7f89e55ad57a342f92b9a2",75
"0x31ba74d3bcaf1b7a176a6cfd6c19ec101957d1f5",75
"0xe15e6583425700993bd08f51bf6e7b73cd5da91b",75
"0x1cd160109f840a3736edda15299087b6faef795f",75
"0x572720ef797b25796f41b442c96aa9c6fb901cd4",75
"0xd1a47332acad7498af1efdba16158e11317eca4a",75
"0x6aa02327670d978b277207827dcd0e9906bb5de4",75
"0xa5e79baee540f000ef6f23d067cd3ac22c7d9fe6",75
"0x66d5871236685ec4470142b6ed86b61fcad0059a",75
"0xc008d0b6a2ede247af0cac6340b1f1ca86b6c36a",75
"0x530637787449e5b0f529dc14aacfd3e008e53376",75
"0x3708af8855b93c6a399895b8700d4a5fe00dd54c",75
"0x73db82e81b7a11490278687551d3b632119b0e1f",76
"0x7c6ddb8764699cce83def63690aa5cc607bb352c",76
"0x2a48dbf6347ea5cdc906b4bb6a2ed27969241cde",76
"0xf7d31825946e7fd99ef07212d34b9dad84c396b7",76
"0x37922c69b08babcceae735a31235c81f1d1e8e43",76
"0x78359500f08157eac9ef566040242abca8f4d9ab",76
"0x7bea39867e4169dbe237d55c8242a8f2fcdcc387",76
"0x135a410f1d6384ac86a448db8c1eaca4be02e6c2",76
"0x7f9e4a472d332dd60047489d5e541caa37e22795",76
"0x83bfced4c25439d95006dcb6e2bbd704b0a19f61",76
"0x5b7c9f80d32c56eedddc5f21cdaa7292de7e51eb",77
"0x9af2bfb7117d24eb97961ce6f747cd0c80482606",77
"0x367382f82da4d62250abdf8a8c4cb0c3c71143e4",77
"0x1a89ae3ba4f9a97b10bac6a77061f00bb956858b",77
"0xc2a6798447bb70e5abcf1b0d6aeec90bc14fca55",77
"0xf239009a101b6b930a527deaab6961b6e7dec8a6",77
"0x32ecc02da852f118966d0cd6d198a3b7d333aa78",77
"0x256bd88baf707eaad1b73dc8b2b8a5d599b45584",77
"0x75734418fd346f424a3e1d7cc11e012f322cdd03",77
"0x740840a5d8cc1afe4d1c04c470b1243802a1fe57",77
"0xcb490642ba09739dd8866f677bac613e010b2ca7",77
"0xefafb0605ea48c0c67fe5557ff6defcaa29b5fd6",77
"0xd52d78131502fd772619ee722545a2f1990e0a8d",77
"0xc3f279090a47e80990fe3a9c30d24cb117ef91a8",77
"0x60af6f46039ad6323c5d60102d58ff84706a8ff3",78
"0xf10e8ccdb3f065bf24afa14d08cc6336d4a9a281",78
"0xf5f687c7a7800d6bc646b9a729924367a0909747",78
"0x22a80b289670a5676e0be54ad6514fa601757875",78
"0x1a6cd957cafd4dcd9d89fa4753ffbe252dedf621",78
"0x008d9d457ad0a75c83d9a5e2b8e4ce89232b5083",78
"0x20f8634359d77c2a080004de6407a5a5bf0c70d3",78
"0x9995fc92b3f98558af9d26f484442a2d04a16cb2",78
"0x0b9f5cef1ee41f8cccaa8c3b4c922ab406c980cc",78
"0x39f49254d6eaf6b2b2549dfec4ed93cf6bae167f",78
"0xfe73c784d047ff1bfc06230d6001ddc9ff1f59bb",78
"0x08ca99d76a2064fd43ed1c1e97470a35ae276538",78
"0x3da1313ae46132a397d90d95b1424a9a7e3e0fce",78
"0x157dfa656fdf0d18e1ba94075a53600d81cb3a97",78
"0xc1b24a9ecf68c14ffe65263b1591c29dd341d09d",78
"0x20da978ce6dc1a9a6d133b47816d9a4e72e03acd",79
"0xddf7d8c6ec2ae340fa250878f661141230718e22",79
"0xd6e420f6b1c4035ffd566963301b92067a8c34cd",79
"0x31503dcb60119a812fee820bb7042752019f2355",79
"0xef41f14369f4abcff4e0b2f6f07ca73a492643a7",79
"0xd72846fe99b0d794851b14f4baff450cd1306c40",79
"0xe3cc21af229934034b320502fa55cfa1ab7b1493",79
"0x1501b81d21b517f683af57a7519432aa41866f4f",79
"0x985da0ba9ac1cc22ccb62485c0f6407e7c29e41d",80
"0xb0532dd6808da333f850b2e9f3eeddc6559b19cf",80
"0xe495bfa137b68a037b1f661ed47a44b4fb2a6563",80
"0x9c2dc3d5ffcecf61312c5f4c00660695b32fb3d1",80
"0xd265e71128223f1aba0a9468f0a6181127f679d1",80
"0x844a5ccdc91e604f55085adfc02e4d52c8227099",80
"0xb2b05e7c5ba9681075986189681337bb9f23bf28",81
"0x057623078cf27dc96684eb106ad9f313979ef744",81
"0xaf31fd9c3b0350424bf96e551d2d1264d8466205",81
"0x3bf1b837ccc1f62114a3e74ced4fcfb121d7e52a",81
"0xe3f6845cfe044e0ddc58031fe31b2a09fbdf8c70",81
"0x54578b6f942aeb23b67a8cef24220651306b8e26",81
"0x7ae95b494267d725e64741a8aa2b5778df600fae",81
"0xbe7d4cd63ce3937523bb2b35d81771a1b6dba5f7",81
"0x27a938ceb837f06824cfb6a88e0452bb7fa476ac",81
"0x6cdbeee5376ee738af9262bb656681c332c70bb1",81
"0x05767d9ef41dc40689678ffca0608878fb3de906",81
"0x2167a02b4399b8b949cf011e0793967dd8327053",82
"0xe43459ce58e22ad7d33169cf0279f11f549f1892",82
"0x3d3f13f2529ec3c84b2940155effbf9b39a8f3ec",82
"0x8fb8e9921922d2ffb529a95d28a0d06d275d7a59",82
"0x0c8f981efc57a1477db1e606a48630789e921b42",82
"0x17890deb188f2de6c3e966e053da1c9a111ed4a5",82
"0x84927410dbd9c1b1c3b96be2c82591285a6af16f",82
"0x6db0fe375ccb8ac3c2a0984d678bcd99981ddcb6",82
"0xf6c4e4f339912541d3f8ed99dba64a1372af5e5b",82
"0xe5d5f8f61b1555f1a27488a122fb3cde2ee16f2b",82
"0x3e87d4c24fb56c52a0dbd089a6219b7086d577d8",82
"0x6515c014a8f1e6a712941a4ef8a62e844b3749e5",82
"0xff29d3e552155180809ea3a877408a4620058086",82
"0x03e6f3e18ff4024485984848d6d1f44e8b1a67f5",82
"0xb3e6697e2e9a3105f0d4936e3a3fb4ffc55154e4",82
"0x587e65051f6227e34acc6dfe161bea85b3db5f28",83
"0xbea9f05311211abe13845fc8c6ece52e6d2d56fc",83
"0x8f413ad1f9517d82f9eb3a18b2a1f5ee1a68e5a0",83
"0x7d680b985f8c3a250e5390d1bf9051923d0680c3",83
"0x9eb41017f9b04cc4c48d2b5c3403a64b4391662e",83
"0x17a4502ba5f997f19604d0144c02bfa5e0b9f0c0",83
"0xaddd24a001243e6d446ed8d088c82aeff84073a3",83
"0x374804a3d0c25d53dc4663cce8e91e914f56332e",83
"0x07f3d316630719f4fc69c152f397c150f0831071",83
"0xc1eac4d96690e17db92a253e95b7d6ef1fcc6737",83
"0xbb258b48aedd78d6e95f263c09013a0bc0e6c595",83
"0xeacadc656c9394fb09af25aebc0897fdffe484a1",83
"0x0a09cdb390d3b6ba9119843a92c14b2428e101bf",83
"0xcb2d16aff58b58923647a542c07d02e443854368",84
"0x21a7afa9f7e2d48bfa8e8f384d77f3b5c19a5add",84
"0xb5de0c3753b6e1b4dba616db82767f17513e6d4e",84
"0xe87e0be74368c8e153771dd4b2dee3ad3626fc4f",84
"0x7d45a2557becd766a285d07a4701f5c64d716e2f",84
"0xea9b2d7ff9ae446ec067e50df7c09f1dd055bb71",84
"0xc5af84701f98fa483ece78af83f11b6c38aca71d",84
"0xf8f0ef9f6a12336a1e035adddbd634f3b0962f54",84
"0x89635f792f4cfe2499eb1bbdba99e5d162e427fa",84
"0xa506f27f58c96c76ce913e64240e16614e206b9e",84
"0x27fd0857f0ef224097001e87e61026e39e1b04d1",84
"0x4941aecb840c1b5f99ac001a2b7c288a585dced1",85
"0xcb49221ad08e84b1692f80b62cd5f90c1aadbe6e",85
"0xfe48b47626dda41fc995c68a5bc529745c32ab7c",85
"0xc3a03b77c9fe02b123b749b1e9b62e22c4746a12",85
"0x9832263a82b729f947aca4842cb53a3109a46e5b",85
"0xf51648233bb51fffe2bed4be89fcff4ea1fc9ac4",85
"0x57654ae132413e81459ad2ae70c2570a9b89fb53",85
"0xc0f00122c859d4d0095bdac8eb9a51c5f576ec5f",86
"0x80bebb91f2f12c1ea4390efa5347e5909177e9b4",86
"0x8aa8c67d14090fe7f6153a80d42d3b36c3a6f320",86
"0x8fee993622e905409d6ddb5fc6858ea01eb52893",86
"0x1c509c062864b9d7771b94d438d8d92adba3ee18",86
"0xafb17d5bf3e7db3ac8b214656b5e38ae1d9f895b",86
"0x50e0ab60f0964ffdb226a9ff894fb224dffe5e10",86
"0x7ec1bd1fa76f9268527cf1b36de69dbd1691b49e",86
"0xf1538a30b43984e0feebc8361ef2c580313ff3a8",86
"0xfe4ec8f377be9e1e95a49d4e0d20f52d07b1ff0d",86
"0x362ddd14f69924ebbf9066ddd2ae7c171cf6d098",86
"0xf4e119ab183de666ec99539c2652ce4035ae53d3",86
"0x58dc5a51fe44589beb22e8ce67720b5bc5378009",86
"0x5874c7ce2ff1a91b8e89bdc3d1167c5d7de2f2e1",86
"0x836948ae1fe8d5c6f595ed046cbe81c05b7ea0ba",86
"0xd04d14d2f9122372e41d2de9a82f721e9ea2f069",86
"0x893d4c4347577a71fc1980a4b6b21563428e5c36",87
"0x33906431e44553411b8668543ffc20aaa24f75f9",87
"0x3c8450f8310a25d7143695467f618bfb885276bc",87
"0x9d45081706102e7aaddd0973268457527722e274",87
"0x28eae8cd540893c80a403cb29eded122b4a51f5f",87
"0xe1f951642f4464579c96f43322bcdeec220d897b",87
"0xbf88870abb9b885b8cd84b5988212591c4560bcd",87
"0x424485f89ea52839fdb30640eb7dd7e0078e12fb",87
"0x78e719632e964cd3caee228a6f4f3519310e0063",87
"0x4495fe3e57f5c7b46e5527162efd15a7606f35d8",87
"0x407e7cb19353e58217709f2af53ab5c953f7308f",87
"0xc7ecab5bcf8866e18e4e84504eb3a633f3ef9128",87
"0x1c726d5f71ead5acf30a60912f839a752b3c6d6d",88
"0x32121e0d11ecc79035045bc7466ede30816c5674",88
"0xe21f4ca34df755942fe2f42af2cdcec833c8113a",88
"0x7f63306a62c345365881e0fff85cb2c8baaa13d5",88
"0xfeb09c7e130a4b87b27ebd648ec485657b688b34",88
"0x9ae66b2c75e9b1aa376f688a78c45cce236e5ee5",88
"0xa06fc67e6fe3c34736d295fff71a358c3bb83476",88
"0x6b55e8a50db7ccc8f7bdb437ce03a32a47d221d5",88
"0x1b17e104fc7ad490cfdf8db9822a83f57b5f1bd1",88
"0x724d5c9c618a2152e99a45649a3b8cf198321f46",88
"0xe308d7b56319305ffb9b75ab50fee2c91933ce7a",88
"0xe7ed138e9a0e1701a9b26a3bc500b2a4a82c050e",89
"0xda3a20aad0c34fa742bd9813d45bbf67c787ae0b",89
"0xc7905290c34b80995de19198c5e1eac8f16e83cc",89
"0xb6988e2762864ad274f5a09e2b8727eaad121648",89
"0x6d70e53ce1f4b623ef32e3dda3523f456b5a181d",89
"0xcd9cbf2e2af29923384a3463cbcbb5e2d7f6a3ef",89
"0x03058769e699f6fb2bd8df8d49a39447b706a1b0",89
"0x3510e96226894fabc37d1eb0e3122e33791da225",89
"0x29c827ce49accf68a1a278c67c9d30c52fbbc348",89
"0x874376be8231dad99aabf9ef0767b3cc054c60ee",89
"0xdba5ae22a238b32d5e5e7170392e4f8db821f0b0",89
"0x422a29a465e4f8acc85cee8e0c7058dff28e7196",89
"0xe666594023f345ab8b78be1886fb3bfd21942400",90
"0xaf3e33c8971be5b753145228d29f1e0197ec7bb6",90
"0xd63e91a015942df7458913a52afad65ae7adf777",90
"0x2b7d0cb53b9b88281578cf7f8abc0982d7f4c166",90
"0x8c37f6bc76221aac641292699baa71829ef53cdc",90
"0x64c78d2c2ccf8bc44a5a2dcdd980735b28e9b406",90
"0x31a84b429e475987bc7ea6ac202aaf00d20279a6",90
"0x5a53fb286de99d0af1458fd360cc891942cab97d",90
"0xb04e936664f20431f78d44210c17e595475aa4c4",90
"0x55d31f68975e446a40a2d02ffa4b0e1bfb233c2f",90
"0x34da451e8f5b02dc177247c2ba45bc9d3b5c9394",91
"0xae8e0b8e4be12edc928d1d252cd371a76119d1d8",91
"0x593088dbad22598d81f0f25c70c5ce3d30c5620a",91
"0x2be978b63b2c1c2a8e76a5ecc085f2f4754f56a6",91
"0x9ff68f61ca5eb0c6606dc517a9d44001e564bb66",91
"0x00fb018c5f5088dc5ff7f4a80d0726e0734979f3",91
"0xc91ef786fbf6d62858262c82c63de45085dea659",91
"0x93c041eda52849753066b6d729e5a15c19766a69",91
"0x6b6c7beadce465f8f2ada88903bdbbb170fa1f10",91
"0x4ded414fc57f71f7e7f912cf63d008ed591cd41c",91
"0xd05d35b500dee15aecbae563a28e790ae1594cb4",91
"0xbe4b6d5304bd4bdb174971cbde6457dc40353fb0",91
"0xbee59b696af8fb26fce5072e1d844b13e8e8b7c9",91
"0xdf0cc50b99cf9d8c755a1f8882402ecde9448f77",92
"0xcf575c4d54284ac103cfa3b07c31b8ecd16e1bd3",92
"0x49a48e6684b73904f8c7394edac5296e5e12a463",92
"0xab5e66f32c0e26d16e3e42fd440d2b00cc55451b",92
"0x1a0d2c9314909837119baeff8f6402d709cfe9ae",92
"0xfd76be67fff3bac84e3d5444167bbc018f5968b6",92
"0xa344855388c9f2760e998eb2207b58de6e7d0360",92
"0x24dcb62314931849a3f743ab26510b3d23be7615",92
"0xa554589cba7a512409daf9d27328173cec911e8b",92
"0x7d4e22a6abbfe86f730b179d2b934c0981712f45",92
"0x03494856e127663af7a5226855ec3841d0d0b57e",92
"0x1cb1228b8a4dd56f35f42b3a7d64cdfbbe06a0ef",92
"0x9624a31b25c6533b04f433744811c86a9276d45d",93
"0x4eefe02fce5b53ca33c7717bbd8ad3c9cb0609f1",93
"0x44cc738e692921e7ac967367b800b8e132e5c8e7",93
"0xab0c3416f72afff1a098cff9ee72ab051fd62b13",93
"0x3be023902ea4120cacdc803e5801d9b117381ac0",93
"0x49bd1fa4c7286c2754ec7607f6f2e835f3ca6ddd",93
"0x6e1fbeeaba87bae1100d95f8340dc27ad7c8427b",93
"0x71c1d309dea75c5a2feea55dbee68aac6768c12e",93
"0x96aa22baedc5a605357e0b9ae20ab6b10a472e03",93
"0x608d2efd1602a68ce3c35af94ceff0e062b2e39b",93
"0x0a1e7664b608821fb00b19581b2f27db4803d25c",94
"0xd0d76acde86bdb5056a58bac3740ba1e9ab67bde",94
"0x20cbf21f2f6f1a4d6ac88f8af7c085509dac28e2",94
"0x3006c0d2a6e54d3590a44384c6f066c9cf9a4cea",94
"0xc98936de9640d6bfc24f82de1cf0f8cd9f5b388d",94
"0xacda7e4d5025ee4dd87d2ff75ecf6d69e921cee3",94
"0x3dd49f67e9d5bc4c5e6634b3f70bfd9dc1b6bd74",94
"0x802f0185ec61b654fbcb4a626c10f66211cd4004",94
"0xccf8034929961481595c2bd668de524db9c1b3d9",95
"0xfc71c763d7c7d2b6b046d0bfe4bd3d927cc5340c",95
"0xf649df4372d8bb3e6178e52fcd515519c78da348",95
"0x3a1b97fc25fa45832f588ed3bfb2a0f74ddbd4f8",95
"0xdd3905b883ce1d037cbbbb588c0b51d20426db68",95
"0xd4e0b3d5a0319405e05c55f86fe67cc9bacfd667",95
"0x5f094191ddad05c5b6ddfa992a4f49d8d679290d",95
"0x2e3f65ac2f4bc091c5a5fca886c681cb0a517812",95
"0x23d15edceb5b5b3a23347fa425846de80a2e8e5c",95
"0x391e8501b626c623d39474afca6f9e46c2686649",95
"0x7138eae57e8a214f7297e5e67bb6e183df3572d5",95
"0xf24ae7f9499f99c440599077243ab78d75971d2d",95
"0x67cea36eeb36ace126a3ca6e21405258130cf33c",96
"0xbc1b64f4dc2e6ef3c16d649a274e1e6ae1feaacf",96
"0xf05faf0803bef716168cf07858a51fe205723fd9",96
"0xa28c4c450aa9b4f7f52f4ed8072d72e8d38fcb3c",96
"0x87d1dcdf6c3d26acea21b9c9abd890c2a75195cc",96
"0x9b20e07394cd1fd767a302b502bb49d4da76bcab",96
"0xb497222d9e08fc1bbb228f22bf9f53fcfc24561d",96
"0x0eca42fd109110a1fdeaa08513b9a30f187a3543",96
"0xe331de28cd81b768c19a366b0e4e4675c45ec2da",97
"0x11181bd3baf5ce2a478e98361985d42625de35d1",97
"0x6f3808db06313ce4a172d67ba8d5343a9de8a28d",97
"0x7f808fd904ffa3eb6a6f259e6965fb1466a05372",97
"0xf3f4dfd1b442c2baa4ef9d4d4cd4a4494ecfd845",97
"0xbc63c8b32acfff818425608de7c70d1dc736d9f4",97
"0xcbac7c3e46a74265ce6e08cbd005399228980883",97
"0x7df301c4529c58546527f5b912c74ecccad0ae2d",97
"0xda093756d2e296018ae9a4acb9b4c708de9c6385",98
"0xec1cef9351ec2bc98f61093029c7a74a8ea70f19",98
"0x9e61c277427a0ed8798d3bdc05fb432dc95126c2",98
"0xaf06e7c7170eb22d52eb09b5ec5d1373c34164e9",98
"0x3ddf8f1aa0595bd7e78513fd998a8321cee70832",98
"0x5bb8f1ce603577a4d17cc9d72f6a4c38f3b0b74c",98
"0x43c32bf6cdb995bdb84756153d75e4d98b4dbd6c",98
"0xfa6e8e97ececdc36302eca534f63439b1e79487b",98
"0x09848d115e085942e6fa9d85b6b6c73fb0e63cb1",99
"0x90e7a93e0a6514cb0c84fc7acc1cb5c0793352d2",99
"0x45feeb2738020eb69974ecb8a9dd6fcfeb478a70",99
"0x0b2b99d9fa762060fdbf1657984f7ece56ca5e5c",99
"0x3f461b867c067a757e891a72b742bb0ad1ab4f00",99
"0x6a2dbabc161411967cccd6800359ecca53d946d1",99
"0xf0d86adea54ee8c498f6d3e803a5d927d68831fa",99
"0x5ff07fb58d9e7573ebd642a5bde879f3e9a8a154",99
"0x5f7b4b7e372fb47a76d1f8c1252c9de0727d7ebf",100
"0x01dbaa18e86f65df04ce9f897d2cab22ef0c26cb",100
"0xa8c30b72ec8a44ed07c7a5cf733138fcc99befa9",100
"0x6e11b0a5808c180682b847da11a0018ca27d5268",100
"0xd63c80ef9732795fdbe13b2849cc0117342502d2",100
"0xcc4ab3213ddfa3834d4b9577caa79da246bf6f38",100
"0x27ca1a32bac5878fbf69d8c01814a30a15800d03",100
"0xdfc14d2af169b0d36c4eff567ada9b2e0cae044f",100
"0x7ce3fc825f23d03f07cbe80399afdd0f955ef5cd",100
"0x7316f8dd242974f0fd7b16dbcc68920b96bc4db1",100
"0xe7db167b2a2ed388b149cb30793833bbae89e4d5",101
"0xb3943f65f038fbd1e1744d8d1669ea09912bb8c8",101
"0x0a8e189f91c87c8f0b35cbf2c6ba5e4701bd2004",101
"0x24602cb90c5262d51d33fe8e3360ff37477d80b6",101
"0xe2680fd7cdbb04e9087a647ad4d023ef6c8fb4e2",101
"0x5f76c46bc032128203cb008bb242717f1719b29f",101
"0xfe7b729d9344e17af6b1a266aac19f197c371e51",101
"0x95f4408736988549212db071b1c8d20f7c4e6304",101
"0x66f1d25ba129c83520cf19d3c991959ac96eb677",102
"0x0576d88b552aeb2cf95683f3cdcf38ec05bc282d",102
"0x99dfde431b40321a35deb6aeb55cf338ddd6eccd",102
"0x9865d98dff619dffd2c348258e95182b23226666",102
"0x1686f2a47709eb4cd6d0f1bf48468aac7d68da75",102
"0x0f88a9d642fa9283338e1ec4496e7dc72714831a",102
"0xcd83055557536eff25fd0eafbc56e74a1b4260b3",102
"0xebe0fe2df76d14aee23e39b49b6ce85d836bc518",103
"0x37c58eefe3e5dc5f2565902155614395419a8228",103
"0xde17032a86701bf27e037eb2fdfd8a2f49f3ed9b",103
"0x4f1a2ea0c27f8fb01ebdeeecb1f09ee9187df191",103
"0xcd7d2f768e80cdcdcc85e4d4717d305a24dc85e8",103
"0x537bb3598a20937c4bfdb413c6d46c13cd0a5dd6",103
"0x75bfd270f721169d0590f05689e36a1b50b14f2e",103
"0x7924a818013f39cf800f5589ff1f1f0def54f31f",103
"0x5c95d4b1c3321cf898d25949f41d50be2db5bc1d",103
"0xf6838a796741a9d7e8b5cbfddcddd2c305519055",103
"0xad3acd8f0d16ac7654b7cf1a743058c815a1befb",103
"0x059615ebf32c946aaab3d44491f78e4f8e97e1d3",104
"0x3ccdac86f5943291fe5b20c40172f0f9414bcc0d",104
"0x2d0ba902badaa82592f0e1c04c71d66cea21d921",104
"0xe83b77f95dbb63b67354fe249eb6b4fa93ccd297",104
"0x16bbed5710e99618fa043d7335bafe289e3da2cd",104
"0x9cb91e5451d29c84b51ffd40df0b724b639bf841",104
"0x6c1bcf1b99d9f0819459dad661795802d232437e",104
"0x09117bff68b5939319e61b226bf1f3f5f985eba1",105
"0x531b6a4b3f962208ea8ed5268c642c84bb29be0b",105
"0x6f3ec8d04c2777789b0f0c4b517ae272b0b0ffca",105
"0x4042a04c54ef133ac2a3c93db69d43c6c02a330b",105
"0xc987d503a9f78f6d1d782c1fff5af4cb34437e3f",105
"0xf605a20e92e419e10f9a9734a25502d341b0886e",105
"0xe2e728dd183ae71a2d2f038d19497047ae07eb3a",105
"0xa5e9c917b4b821e4e0a5bbefce078ab6540d6b5e",105
"0x500f4f8a49de68477778679194c7a9f82d049d99",105
"0x69fb9f0e05bbdcd9f2c74be70e40d0da537f2089",106
"0x70bb8e6844dfb681810fd557dd741bcaf027bf94",106
"0xfdf7abe583d7f0b340b196a64b5bb67937e2e188",106
"0xe616f2141ff6809817735dae26e0d1075026bbbb",106
"0xc63b0708e2f7e69cb8a1df0e1389a98c35a76d52",106
"0x10e900520fea25740c98f96fd1717868183ac20d",106
"0x5791a940ea6f1875d9808a8d054faf66a643422e",106
"0x4dd26482738be6c06c31467a19dcda9ad781e8c4",107
"0x4bb0925fa50da9b4c8936869433b48e78ccc5c13",107
"0x39d857c95efcddd16a9e39b132b0399aa3dc9b2a",107
"0x757d8d585ee1488097305bcb0fcec1ac4a55e9d6",107
"0x0e3a144db9512b604c57319e09bd21db359411a5",107
"0x983126149a32b88626762443576001040604f65b",107
"0xb2d478b3fce5f5f23ea4ddedcdc7031c3a164094",107
"0xd9d9c81d4ca043fb7ae4d3db701375b2ed8a617d",108
"0x8fe9203c12e797cac7e901d63cacc022b68b50c3",108
"0xd640333b71b015092d9b3afcff3e427036304370",108
"0x0fe2426837cea90219363b9aa497ce222c1e675f",108
"0x059cf1a62f734e5c92d780c12dab3da3acc49e0d",108
"0xf8c6766a6a1c88d597b608f4e585638f209759ba",108
"0xe11ee9c18d03b43d6a7fc53e51aedda8451e837a",108
"0x23655ec96b201bf1574316783f3d943a955ce5fe",109
"0x01bd1d1f933692dfc64d1d64cc3ed1c24887edaa",109
"0xc72abb13b6bdfa64770cb5b1f57bebd36a91a29e",109
"0x6469b34a2a4723163c4902dbbdea728d20693c12",109
"0xe42318ea3b998e8355a3da364eb9d48ec725eb45",109
"0x0748f6a1abfb79d70d01f5b54d02fdf9cee5b600",109
"0x517f451b0a9e1b87dc0ae98a05ee033c3310f046",109
"0x9a741cc15028b32b159f173f3ae6f88ac2b6921b",109
"0x04708077eca6bb527a5bbbd6358ffb043a9c1c14",109
"0x858605031767aedc40a4b906b17d133b217d02d7",110
"0xfba842f7cb51fc1ce2a211a23aa84cfaafa953da",110
"0xc0067d751fb1172dbab1fa003efe214ee8f419b6",110
"0xda3706c9a099077e6bc389d1baf918565212a54d",110
"0xecea5b1cc2e14bfbc835724b6150160dbc8d0b38",110
"0x7937619a9bd1234a303e4fe752b8d4f37d40e20c",111
"0x83081eb7c88e92c781ce1c2fa218812a394219af",111
"0xfe7956987a2c5ac0650b27d83e1d46ac83d29265",111
"0xb3c6fdf6f86c389e7760fe33bb2b955dab60485e",111
"0x0c4a68cf6857cc76fe946d04fe85fac5fae9625e",111
"0x95dbb3c7546f22bce375900abfdd64a4e5bd73d6",111
"0x584ce938471e6735d47b5b732c88ddc70e7f063b",111
"0xc5c7be4b2eb95b4674f95616057645830d52adb0",111
"0x29c830864930c897efa2b9e9851342187b82010e",112
"0x90b2b28f07e85a77f81abcce6cb717eff25675fa",112
"0x4622df6fb2d9bee0dcdacf545acdb6a2b2f4f863",113
"0x7524fe020edcd072ee98126b49fa65eb85f8c44c",113
"0x3fdfd866fa9e1ab4b6f6762cbdce0bf787583dc3",113
"0xa400b3ae9603ddf8ed7e4270cf3659a04bc8e2a6",113
"0xb8280c3e1aa0e8d1c619bdfd3f8d8e1267e4225f",113
"0x97e1fcb93ae7267dbafad23f7b9afaa08264cfd8",113
"0xa3c61c2f81519953112b78a603353f4360a33a72",113
"0xcf3f7d858444f78ed16a339fed8c3fd9819ec235",113
"0x2aef4737369f72c2c23fa93675ca440f2c59aa05",113
"0x4c083084c9d50334b343c44ec97d16011303cc73",114
"0x2e7e978da0c53404a8cf66ed4ba2c7706c07b62a",114
"0x2818ea851dcfaeeb4633fc8aae08b7063d32e4f5",114
"0x8981dc572dfb436d7d23f1287dee031f833234b9",114
"0x209f776b0ac77038caa1fbd97723df0e425a58db",114
"0xf06b825ff3994b5a493188ad17a71393a6ce3de5",115
"0xbede5966840f1df7444616502ac5e32197986b5d",115
"0xbce2dfa862a32c434ac50d10df826daf7f99652c",115
"0x8246259f6b4ad374b1fc385446e8f86b53d65238",115
"0xb0a85d466b58562456c7bc9cf0f83ccac593461a",115
"0x6591aed4cbdc40ec54515479582c03b771c36420",115
"0x3f15b2d333b005c951b5c696ba81f78486e19aa0",115
"0xb664b3d6963b8b59e180c649260e91c9027f42ac",115
"0xdcd7f99c3f0ebca4207f0c2b5aff6efaa7d9a951",115
"0x57fe295055acfe1806152315f620c21bfb111611",116
"0x858a2ca525466a5c7ad1bd4f66ecbfdcc938f237",116
"0x06acf8b25ab8ce249f487d30d78be4fc021cff8a",116
"0x0029ee381dd18a2be0843d3dc394cacd4845553a",116
"0x62e0d3fd804dfbf02d08ee632e9634dba5c00d03",116
"0x2a4582b766579d3a6cb94e60682612f6c56fae9d",116
"0xf322d3c7c1c346254cd4452eb2fbce46f14b7931",116
"0x8c8d0a8d6250be81f3f12791a82faa01eef02ae4",116
"0x8fb36b4802dab3e6661d8e61def1e84c6140cd7e",117
"0xe72fa7b3d7c7d988f889a6d5df9f7ff9032d1afb",117
"0xcee31c846cbf003f4ceb5bbd234cba03c6e940c7",117
"0x2b65723ebdd38ed1056a332e6b55c6afae018506",117
"0xab3c5106c30f9844d80e9d8471f3154debe2425d",117
"0xea6a96c50dee02e6f711c7a2bebb015ccbb8673b",117
"0xa00ab7305b6970f195cd6d955a4d1c0ec36c164a",117
"0x2b4b111fb4b16489308030a3bfa13cb16af3291f",117
"0x48d20b3e529fb3dd7d91293f80638df582ab2daa",117
"0x9596aafe4d51b439502f6a6dfc097cb11c76fd66",117
"0xef7009f5df757c14fb7ad24499064267d1df9e5d",117
"0x6acfc38b08e0afbed51e353c783d1d011b55c775",117
"0x96412687488c06b731b717816877e1ccfbe25c92",118
"0x2a80f38a2363ed2051547f914e79e9d5bd152a0e",118
"0xc037f112047b6fd7ff564dae1c5b625a2a2c3bdf",118
"0xfa3551ee99a4ac691673a569d586c8cc7e78672f",118
"0xaf95d3a7a25f831dc2b9a6704554435957b51ec2",118
"0x7a0fbcc466e6830d3a813826ddeec608978bde2f",118
"0x14424eeecbff345b38187d0b8b749e56faa68539",119
"0x20ec701fb0ec5ab6441193f35dbb87d4427f9622",119
"0x43a68a9f1f234e639b142f0aba946b7add26418d",119
"0xf260d15e8ebe54d210ef53f5b61cb46bd9aa29ee",119
"0x76366d95c2016446247296ea50c8d06d0585ae00",119
"0x86b0b7031bb0f315561f2c2a7836beee57cdd046",119
"0xd99034942c4a883ff3ed6cda6c91fe505a58eb2e",119
"0x9b9d97a9215882f4a68b0d0d591d5aaeb29e5e47",119
"0xbaafed32ec23b8e206820181318c0750cd194a5c",120
"0xa46b0050542ed642185c19704a362eabb36cc99b",120
"0x1022591baa0725ea1172bed009fd2e83d504c0cf",120
"0xa29fe6ef9592b5d408cca961d0fb9b1faf497d6d",120
"0x1ecb460a532c1d76937bedbadf7d333da30255a4",120
"0x79736eb9b6ebeb932d794f45def103e5bd8e172c",121
"0x99b42f2b49c395d2a77d973f6009abb5d67da343",121
"0x59197bf7561ebaa041de68511842818c10c05198",121
"0x0441cec929dc3673addd1e749839a7539740642d",121
"0xac9fbdbe486f8023606b932a747bc476011b5071",121
"0x2475ad398906dd74421dafa765948cfcd4bca3f8",121
"0x0598690ad1daffc3ac47fd6adcaeac547c067e26",121
"0xc40d16476380e4037e6b1a2594caf6a6cc8da967",121
"0x515d459555f8c1fcf2791ded819b73b60a80b8e3",121
"0x1ce1f63b584b87d0f3706bfbb2be881270859f0b",121
"0x95b69126a14cd140c93ea983cc7de41fa874bad8",121
"0x7d1c06d5070ea6989e49716fd4dfc5895453ff7c",121
"0xc5f4280a2b7c47e2b88066a616f1c9dd0ad56651",122
"0xc39e83fe4e412a885c0577c08eb53bdb6548004a",122
"0x6ba8947c71ace028f05545dae3c834c6e7e4f7f4",122
"0x98555273b697fa2b4cf3e009403b5ae31fd2c7a1",122
"0x6f4217a5eb2e8de0e4fc0ef9fb73a1428d67a626",122
"0x22ae05a443c55b9f96aba08924c393fbce2e1468",122
"0xf763bb342eb3d23c02ccb86312422fe0c1c17e94",123
"0x5f0d8fc6057a959e79f7f79f8dbf12f29f9a9f34",123
"0xfdcded6927a686b27254620752367bd6fe62fb0e",123
"0x79fdb46df5abc4083abbc44612ec0c499e115ba4",123
"0x2c2ee645b1b6b1f87108b9c25e929d126f0be4de",123
"0x4fbf0043758e1e79238da9df6835bb4df8ac5b57",123
"0x9a599caa30032e55f05f38772c6d0ed36afdde07",124
"0xcecc0c597dbf4732219a3227636daf75b0d18f20",124
"0x3cc4f839c696cffb06cf4f789cb1c9b6d6db02ea",124
"0xe5429a0d8751afc5dfb307f9c2e3e1c60837942a",124
"0xe3170d65018882a336743a9c396c52ea4b9c5563",124
"0x948b54a93f5ad1df6b8bff6dc249d99ca2eca052",124
"0xb2ed2ca6a72f3f56bfc5176b278c12797a8d98c0",124
"0x845087b50bf6b4950d4ca0072c2ce0b3312e8de1",124
"0x3f645e37ab5e56cea43e3ae9a9ff92297c59e233",124
"0x09aa63b7a22eefc372196aacd5b53441ed390bfb",125
"0x1140201364600b0016f35c5dd32e2269229ac3d6",125
"0x6a9c4fc2b35ee398e7a0e75d982872466ba93cb8",125
"0xf922194b60ff86321ddbfc08aefe302f06667ced",125
"0x08c181a583dd5e0be2eea021747f3a663eabb976",125
"0x5f982a0fce6f8e2a685702887ddcb7ad8cc3ec0b",125
"0x2f18b0ca30985b2a0ab81585c72f45a19ddb3a3d",125
"0x3af73bb96b335fc0fd2c4cf39ce95f3ff8c8de66",125
"0x06601870d43a72c709c1c973870396fd00a97455",125
"0xc0a4b91fb032b5d653c2fff2bdb50b7bd92408cc",125
"0x0cf7dc9e26719cbde8ba59743e218cfb4c88f2e5",125
"0x084b5191bd08412952337b1108b6e5942418928f",125
"0x5816bd1136bb123e0b446e0776f2d9a495c7ab59",126
"0x09052d68fb18c5f9944fbb74544111b74dda6c97",126
"0xe6d7ebb9f1a9519dc06d557e03c522d53520e76a",126
"0x9a1957bf96ff4f910a2a86e2bc5416dc6171e7e8",126
"0x54d094a26e6b021e719bd7cfc0cf332c68b78e05",126
"0xce7ddd7499272b89fdebf357d85fabfde398d261",126
"0xe56c60b5f9f7b5fc70de0eb79c6ee7d00efa2625",127
"0x3a33cd366dbbe9d6e4a1274d6318b0ae3764f290",127
"0xae4bf1069502a69bdcf10a6803fdc598a2ccb815",127
"0xb6b4f977dedffd25910be234f14784aa967a894b",127
"0x334e3f3b818134756382cf2870bc887211b5c0f4",127
"0xc2adda861f89bbb333c90c492cb837741916a225",128
"0xfc7d41beb7b057a56ae8ca7bc353b590dd03e0e4",128
"0xeebca55a918ad76927caf832e5eee438e7619994",128
"0x6c59c360ef92ae28dcda2b60cf0ffc1c08fd3a8f",128
"0xf22fdd2be7c6da9788e4941a6ffc78ca99d7b15c",128
"0xe276ca2a1252b6b9e0fe4847982863f8740e3746",129
"0x7c23e817193d8fe1df33a649e7737e1f37a7bfe9",129
"0x3d2d2e6bd2fc6b1656e5acfe63031138f9da3a69",129
"0xba5fef96bf7a8fa10815eebae20c4a19fa015071",129
"0xd0f292fa6fe694892bcf52b55ca0f3e277be17c0",129
"0x7dcc52cff003b59f989c70eea18cb8188854a591",129
"0x76860df4f522d29d86d1583caaaa596c60061413",129
"0x09c29277d081a1b347f41277ff53116a30d4ddff",130
"0x1dd86410f15924601c49cd8a43a53b3430ebc53e",130
"0xc2a856c3aff2110c1171b8f942256d40e980c726",130
"0xa7fd8ff8f4cada298286d3006ee8f9c11e2ff84e",130
"0x77010f531b1603d0a6dfd5e0ae96d04090ab6fda",130
"0xc2b232f200aa2d4f6649b47ca409931dccb096eb",130
"0x845377d075c522c80c10450d22d7c601b6b57067",130
"0xb01c4614bec9d460c65a4a2a1e4dd9b1365776d4",130
"0x2fe16dd18bba26e457b7dd2080d5674312b026a2",130
"0xc5ac83f187c0da241b50f5a1510f7761ccac9b6a",130
"0xb02045ad2ca16e8f4675088140e369260bb280c8",130
"0xb112f9b950695c71a7e3dedd00472df07f4393bb",131
"0x1a349a3397a8431eed8d94a05f88f9001117fcaa",131
"0x59c38b6775ded821f010dbd30ecabdcf84e04756",131
"0x1a0656953798e43ca72434ca04f83724f11d6fca",131
"0x893f503fac2ee1e5b78665db23f9c94017aae97d",131
"0xdc00ba87cc2d99468f7f34bc04cbf72e111a32f7",131
"0x433a00819c771b33fa7223a5b3499b24fbcd1bbc",131
"0x006ab11e89e7246cb8c0f7bdaa8c2713374b1676",131
"0x9a84a1852bc7fb608794960960adb04666a12b41",131
"0xc4a6a43653c36bd5868eeeac789eefd193dd6060",131
"0x88b81bc7f6dd4032ed626f452d66028ecd50e64a",132
"0x3075ff29511446fec10a662d1866475bec1b3637",132
"0xf150a950cbf3c0f7dedd48670d84a251c550c146",132
"0x5984c8bfb3e7426ef4cb66b9df6ac2945be8e50a",132
"0xbcd27bcebd0f4412c34ee12691aa686eb3fd4201",132
"0xb011e4eb4111ef00b620a5ed195836dcd69db1ff",132
