tokens,token_name
0x1001271083c249bd771e1bb76c22d935809a61ee,FUKU
0xc02aaa39b223fe8d0a0e5c4f27ead9083c756cc2,WETH
,Unknown
0x100891bf73ba8274c234aa34621bc626ed6eca8e,HACHI
0x8e42fe26fc1697f57076c9f2a8d1ff69cf7f6fda,AGURI
0x28561b8a2360f463011c16b6cc0b0cbef8dbbcad,MOODENG
0x7d4a7be025652995364e0e232063abd9e8d65e6e,MONOPOLY
0x52317fe2141bf9fc7e1d9fda164e1cab30f64343,FUKU
0x812ba41e071c7b7fa4ebcfb62df5f45f6fa853ee,Neiro
0x6222220bf20e29c3e668e8315f1a5f1b3d3504ea,FUKU
0x80297b72f9835043988a24617bfb4a484acfd62e,WL
0x39636b82c7d2e703baa093ef195ee5af81535954,BONE
0xa0b86991c6218b36c1d19d4a2e9eb0ce3606eb48,USDC
0x1cf763ae60891164bb0c6a04e63b373a76b16c02,NIQAB
0x7777cec341e7434126864195adef9b05dcc3489c,ONI
0x71297312753ea7a2570a5a3278ed70d9a75f4f44,EBULL
0x31c4f6a7b6351b89f16278a5ceb6abce5381cb4f,GINNAN
0xaaee1a9723aadb7afa2810263653a34ba2c21c7a,Mog
0x2cc774364ec2d4cf53433c76dad287b743b17441,Aguri
0x28ae4a13de3055a557f900e2e5307da4ea5761bb,RTR
0x3dfb819e09aef521b471f23fe169f271cb2fa5e5,BONN
0x94efef107304c17fbb6f26b7c36e57b948313585,KAGURA
0x4c44a8b7823b80161eb5e6d80c014024752607f2,PAC
0x777be1c6075c20184c4fd76344b7b0b7c858fe6b,BAR
0x576e2bed8f7b46d34016198911cdf9886f78bea7,TRUMP
0x9aa4751195e48ac3c15587c2ed02385e2f8100c1,HACHI
0x445e8839307e954661ed1214fbabf7ed44a3b9a0,FUKU
0x72e4f9f808c49a2a61de9c5896298920dc4eeea9,BITCOIN
0x2597342ff387b63846eb456419590781c4bfcdaf,TAXI
0x3ffeea07a27fab7ad1df5297fa75e77a43cb5790,PEIPEI
0x124386504d774979e1e9d2d19c6188391d7af8e3,Hanabi
0x5a19716ba5a70c807f5b357dc43a5cc26091eec9,GAO
0x6982508145454ce325ddbe47a25d4ec3d2311933,PEPE
0x888c1a341ce9d9ae9c2d2a75a72a7f0d2551a2dc,CSI
0x19af07b52e5faa0c2b1e11721c52aa23172fe2f5,MEMES
0x33f43d74e8d45374f4a1b83ec1ee6c43e511290b,HACHI
0x7316d973b0269863bbfed87302e11334e25ea565,KEN
0x426a688ee72811773eb64f5717a32981b56f10c1,AMC
0x881d4c8618d68872fa404518b2460ea839a02a6a,$yawn
0x0f21aad20bb17f30e27c0372105e6877a6fca65f,ACD
0x24b74ff65b44393f03e9a0f88a2b20506798c083,RAMUNE
0x155788dd4b3ccd955a5b2d461c7d6504f83f71fa,HARRIS
0x7f911119435d8ded9f018194b4b6661331379a3d,FWOG
0x8876d654be2249df567d2c40bd0bcdfcb12fc288,WAGMI
0x2260fac5e5542a773aa44fbcfedf7c193bc2c599,WBTC
0x0d7d0e0dc6071ec4ce55ba2b171a7b5b2b8ffd6f,AMOGUS
0x2e6a60492fb5b58f5b5d08c7cafc75e740e6dc8e,TSUJI
0x69fd9281a920717ee54193a1c130b689ef341933,FWOG
0x615987d46003cc37387dbe544ff4f16fa1200077,NASDAQ420
0x77e06c9eccf2e797fd462a92b6d7642ef85b0a44,wTAO
0xbabe3ce7835665464228df00b03246115c30730a,BABYNEIRO
0x2f1a0f4b02a9294cd3e9dd58bd881ef000b0fc71,FUKU
0x594daad7d77592a2b97b725a7ad59d7e188b5bfa,APU
0x1d77c7d39212088b14671598222db6ef2f6af482,BULL
0x8ed97a637a790be1feff5e888d43629dc05408f6,NPC
0x6e79b51959cf968d87826592f46f819f92466615,HOPPY
0x68bbed6a47194eff1cf514b50ea91895597fc91e,ANDY
0x240cd7b53d364a208ed41f8ced4965d11f571b7a,DOGGO
0x420698cfdeddea6bc78d59bc17798113ad278f9d,Toweli
0x79f324cfb83be8a8e7cc893018277297c2059cae,WIZZ
0x67466be17df832165f8c80a5a120ccc652bd7e69,WOLF
0x0da2082905583cedfffd4847879d0f1cf3d25c36,melo
0x8802269d1283cdb2a5a329649e5cb4cdcee91ab6,FIGHT
0x9ebb0895bd9c7c9dfab0d8d877c66ba613ac98ea,MAGAA
0x4e4a4e9a30a3d900e36dcc988635b96300f1b904,EVERYTHING
0x70c29e99ca32592c0e88bb571b87444bb0e08e33,MARVIN
0x729d394b20a6161ab36f21c5fe88330fe6012e94,YUME
0x7ce48865ee2f1c96bfb978dc33eadd7f5f82c469,IGW
0x76e222b07c53d28b89b0bac18602810fc22b49a8,JOE
0x67e610a7b7e7ab766e06301c676f84590e5256a7,HANABI
0x696969a73cfe28165e94f0924d3c940a55bc483e,GOBLIN
0x4507cef57c46789ef8d1a19ea45f4216bae2b528,TOKEN
0xa35923162c49cf95e6bf26623385eb431ad920d3,TURBO
0x6a159543abfc7baf816fdbc99efd48e4ee7acc63,FUKU
0x6491cbbc89a98cf9fbcb72805852bd124a86cc2e,HIJAB
0xb3912b20b3abc78c15e85e13ec0bf334fbb924f7,HANA
0x4e6221c07dae8d3460a46fa01779cf17fdd72ad8,POCHITA
0x44e18207b6e98f4a786957954e462ed46b8c95be,Terminus
0x1634e10c9155be623b5a52d6ca01c7a904d89b0a,FINE
0x38e68a37e401f7271568cecaac63c6b1e19130b4,BANANA
0x465dbc39f46f9d43c581a5d90a43e4a0f2a6ff2d,ITO
0x724a2f5c4adacab23f47a10efd6cc67b5af3244f,CHICO
0x653b8dbb414872f9c006c9463de8b86123d8a138,RTR
0xb78398125f15227d977d78c094a872eb1a53de7a,BabyMooDe...
0x9a594f5ed8d119b73525dfe23adbceca77fd828d,triangle
0x8883d9141caa7e70cdae4917e35c5072008df4fb,Lunes
0x10097337763fa3c69945d4a55bdf54d581ce9cdf,NEIROCHAN
0xba2ae4e0a9c6ecaf172015aa2cdd70a21f5a290b,IRO
0x683a4ac99e65200921f556a19dadf4b0214b5938,MAPE
0x5640e0560e6afd6a9f4ddb41230d0201d181fea7,DMAGA
0x375e104af98872e5b4fe951919e504a47db1757c,GINNAN
0x8b3427ce904c2426fec2ca5ef2260608c5b7cf0d,FRENS
0x92d001c60df1c2248ae9020bbac559331cefcdec,POCHITA
0xb0ba1b6ebadeba1a63a94445f0dfb249082b5dc1,BOBA
0x53eb812b57e49b663628fcb420414005f39d8ab4,Len
0xa28cbb24313df3907b8d87685bab2c1d0bd46b60,ATX
0x66676869d3b1826d35225988a87870bd483a6bef,Punkdog
0x0c499faceb42c98141409baa13ba812cdc98fdc2,SATOSHI
0x73a740d256188395d9af56db31ab1e9bb2f2978d,CUBE
0x69000f9c5790ff4403da64e6698acf864f285307,KRX
0xa7dabb321c42aa5397d2df5cf0595def1fed9f22,MABA
0x7f39c581f595b53c5cb19bd0b3f8da6c935e2ca0,wstETH
0x636bd98fc13908e475f56d8a38a6e03616ec5563,WAT
0x509d7f394bca2c0e2f9106257e1e6cdedf754fbb,RAMUNE
0x93c2bd80cadcfeb541eb5af4052375bde8d6f24f,SASHA
0x57e114b691db790c35207b2e685d4a43181e6061,ENA
0xba4fc8409677d3ef2b23f05a1b6feb5be7dbdbfb,ANUJAI
0x999950e246f7f343bc03ceb87e2d5432b359f20a,MUMU
0x7285b4c100cc351a7fc26604392d5f8335e7e76a,BabyFuku
0xa6c1a1a88e8ef25c2a6bba96938aa60ffa4bf339,FUKU
0xb8d6196d71cdd7d90a053a7769a077772aaac464,MARS
0x426742d23e7b29019aa68638cdbf385c9aa09f0f,EOB
0x1495bc9e44af1f8bcb62278d2bec4540cf0c05ea,DEAI
0xaba16cda60b232174f672805790fa9ae9f2a2442,X
0xbc5a72aaf0ac7b2c391f87921ce00b3b36831843,POO
0xa277374508c46cc0bd2f70e28f42f4d98626ba17,BUDDY
0xb90b2a35c65dbc466b04240097ca756ad2005295,BOBO
0xaa95f26e30001251fb905d264aa7b00ee9df6c18,Kendu
0x792833b894775bd769b3c602ba7172e59a83ab3f,TOONS
0x5026f006b85729a8b14553fae6af249ad16c9aab,WOJAK
0x1caf237d7a2d103e3e9b1855988c01ac10344600,Lexi
0x8800cfbc57d2ff6f18295e80a72a967876270607,DAX
0xbbc2ae13b23d715c30720f079fcd9b4a74093505,ERN
0x2cd32604b8653523c14e47eb1b0b757533ca842c,$POODENG
0x420692f3f9d82341809fc2d0f3fb4a7664201f8f,MASARU
0xb8c150fffb0883780107c9e46409e9207a6204a2,pTRUMP
0x25bc1588773d8cbcf174373ff9250c7ac9e09cdf,MABA
0x6b175474e89094c44da98b954eedeac495271d0f,DAI
0x00b3dc4b5474cd014183cfd4723f0041425eb0d2,RTR
0x58cb30368ceb2d194740b144eab4c2da8a917dcb,ZYN
0x1387250233cea16f5a8ead6d0d495223f0f72bf0,BitLen
0x6942040b6d25d6207e98f8e26c6101755d67ac89,MELLOW
0x322a243d258cd810ed028a9930186cf488162b5f,Kabosu
0x69002bbe1e8e09f53374a8daf0e38dde61d77421,DJIA
0x4fc1b049960adaa89e462c95474bd6c5a43f969a,PAC
0x15b9aeae2320bc1d910794d0f5878318676d744c,NEIRO2
0x66b5228cfd34d9f4d9f03188d67816286c7c0b74,VOLT
0x218f1d9cdf3984f188a4a8f7931c737f75251f5b,MOOWAN
0x85bea4ee627b795a79583fcede229e198aa57055,Marvin
0x2be8e422cb4a5a7f217a8f1b0658952a79132f28,MSI
0x18ef464fd73ed484c12339eaa5d5e3c8f6c48180,COFFEE
0x1258d60b224c0c5cd888d37bbf31aa5fcfb7e870,GPU
0x07040971246a73ebda9cf29ea1306bb47c7c4e76,USPEPE
0x64fca7dec4f694390dc04726c434f88171175c0d,Moodeng
0xaf0cf0b718b3fca20d66cd93df877309e3f5836d,SATOSHI
0x4391658ddd1f243c9e850e86c85f31a8dc6922cb,DAOX
0x53d6d0c01edfb7b742c8a61f248241a93ef64a23,$WWW
0x0a7331ce2e4d7d4a9788ef1020a46659f4a32583,YUME
0x1121acc14c63f3c872bfca497d10926a6098aac5,DOGE
0xa045fe936e26e1e1e1fb27c1f2ae3643acde0171,KAI
0x36c7188d64c44301272db3293899507eabb8ed43,SWAG
0x614da3b37b6f66f7ce69b4bbbcf9a55ce6168707,MMX
0x3593d125a4f7849a1b059e64f4517a86dd60c95d,OM
0x96a5399d07896f757bd4c6ef56461f58db951862,DRAGONX
0x1f9840a85d5af5bf1d1762f925bdaddc4201f984,UNI
0x471c63ed1131b5cc36fc41f1a90f28b8fbe2cff1,SATOSHI
0x97b094e7485ab21f473ada183e96b362ba91a136,AGURI
0xb23d80f5fefcddaa212212f028021b41ded428cf,PRIME
0xacd8420e9b6f89a468aaee3a8d5502eeb4d39648,CHOOM
0xbe9895146f7af43049ca1c1ae358b0541ea49704,cbETH
0x5579500ab09ab2d1980fc9c790d05a19ccb865cf,DORK
0xb9f599ce614feb2e1bbe58f180f370d05b39344e,PORK
0x4dc3abe9cedeaa975433011750649e6abdfb33b0,DOGE2
0x790814cd782983fab4d7b92cf155187a865d9f18,MATT
0xbeef698bd78139829e540622d5863e723e8715f1,BEEF
0x077fe9ea7d6343dc85242cb1ce3270f3e72c0953,BUBBLE
0x88909d489678dd17aa6d9609f89b0419bf78fd9a,L3
0x49f0166182ab50f46220606acdec29e5140c660e,MUNION
0x6942071b5e9930280f8d54b1a95ce38a999cf285,CASPER
0x4298e4ad48be89bf63a6fdc470a4b4fe9ce633b1,ESTEE
0x04d7dc53059cc6e79384558caefb7fe5d1eaf93b,BRAINLET
0x447ab19eddd26b55c084b15b13718439a897fd1f,ANOI
0x028555490a88743a610178bd8ee90af7061979b5,CHACHA
0x62d0a8458ed7719fdaf978fe5929c6d342b0bfce,BEAM
0x14fee680690900ba0cccfc76ad70fd1b95d10e16,$PAAL
0x95a4a2f9373b5e8b812e778770e1775a15288af6,SSEC
0xa7dd9c5932b621cdba215d3b4f57a878ad7d9248,HACHI
0x1a3a8cf347b2bf5890d3d6a1b981c4f4432c8661,FAC
0x888888ae2c4a298efd66d162ffc53b3f2a869888,OMOCHI
0x10e8dac134ef9c1a858993b98d03d32ed145e348,CLT
0x8bcda22d51785a5540129feb90d47cb279826478,ITO
0x873259322be8e50d80a4b868d186cc5ab148543a,Ponzio
0x98de539486ea9bc06a28bef5fb089a7f149b7ff7,FINE
0x15902a3bd8fae3b524ff97420ec0a5a44e64498a,BabyFUKU
0x17c50d62e6e8d20d2dc18e9ad79c43263d0720d9,NFAi
0x7039cd6d7966672f194e8139074c3d5c4e6dcf65,STRUMP
0xaf8b894229bc800658ab0faf744e97c8c74c4321,Lemon
0x0c2e08e459fc43ddd1e2718c122f566473f59665,BURGER
0x777b6d4730a8a890dc64bf202514ce03ab001c02,BARS
0x30410e8f654e8cfde6a270e222ef168c87d7012f,HAIR
0x59c2d3bb4894e8a17be8395a7bdc354084b5fe05,BENZ
0x0255d663191e4d9bcd77ddeeab63f3dd4dc5dd96,ELONTRUMP
0xbe0ed4138121ecfc5c0e56b40517da27e6c5226b,ATH
0xb2617246d0c6c0087f18703d576831899ca94f01,ZIG
0x81db1949d0e888557bc632f7c0f6698b1f8c9106,D/ACC
0x579d7d690ad82f111e25cea0eeaf39de266f4321,FUKU
0x07213c71077137c7c0950d22402048b9bab0f858,MST
0x5a3e6a77ba2f983ec0d371ea3b475f8bc0811ad5,0x0
0x881f14babd5210c35821cd9ac8330d9344ff2d81,MILAN
0xb17e388add8a7d057d0da853a2c28f7ec50bdb59,BULL
0xa1902d1461289a79ca0a40fa5cb75518900f4aa8,Everything
0x696966ed34bfb0c5d27843b25db7cd829729dc9a,AOBA
0x5da7193bde4ddf283d21f8cfd7fe27b78aa2058a,BAGN
0x44971abf0251958492fee97da3e5c5ada88b9185,basedAI
0xa9e8acf069c58aec8825542845fd754e41a9489a,pepecoin
0x8ba04cdc0671952116e245121b613cfc0ff9899f,LSD
0x7abc8a5768e6be61a6c693a6e4eacb5b60602c4d,CXT
0x8c7ac134ed985367eadc6f727d79e8295e11435c,Kekec
0xaf05ce8a2cef336006e933c02fc89887f5b3c726,LMI
0x0047a674f18afa0666fa292e1e213e3f9ea353eb,HITMAN
0x5c8328e7a3cd6c0a5298dbb92190636882fa0328,SENDY
0x32b053f2cba79f80ada5078cb6b305da92bde6e1,NEURAL
0x1c7f957f2fb1c124bc2fb282c296cd8cd508fe16,HARRIS
0x1ae7e1d0ce06364ced9ad58225a1705b3e5db92b,LMEOW
0x7d4a23832fad83258b32ce4fd3109ceef4332af4,STONKS
0x6aa56e1d98b3805921c170eb4b3fe7d4fda6d89b,TRUMP
0x62bfd005742b605e39e183d16e58317157505a2a,NENJARIO
0x6969f3a3754ab674b48b7829a8572360e98132ba,IZZY
0x5d4dd8ae35999c7c4d5cbabc900ed8a4201711a0,GROUP
0x8390a1da07e376ef7add4be859ba74fb83aa02d5,GROK
0x8143182a775c54578c8b7b3ef77982498866945d,wQUIL
0x3927fb89f34bbee63351a6340558eebf51a19fb8,SPURDO
0x0e3855376e5db3dff1fa39fcd0b2d76142628426,BMAGA
0x8af8cce77d705b4ca1b0a627d705a33ff475af5e,Neiro2
0x3b561f8cba006de415737b9323c5962f504b4129,WOKE
0x41b1f9dcd5923c9542b6957b9b72169595acbc5c,CHEEMS
0x239a149410aa8d583013246c0adeb9fca81e86c0,FWOG
0x955d5c14c8d4944da1ea7836bd44d54a8ec35ba1,RFD
0x046eee2cc3188071c02bfc1745a6b17c656e3f3d,RLB
0x38e4adb44ef08f22f5b5b76a8f0c2d0dcbe7dca1,CVP
0x4c9edd5852cd905f086c759e8383e09bff1e68b3,USDe
0x210ae19bec2bee848f97d0059b9f64de6a5515c2,EPANDA
0x292fcdd1b104de5a00250febba9bc6a5092a0076,HashAI
0x8881562783028f5c1bcb985d2283d5e170d88888,SHFL
0x106db9a4d0e205ea3f6629573366bc80c1796ed7,AOBA
0x0ccae1bc46fb018dd396ed4c45565d4cb9d41098,MISHA
0x11bce3d6e2aec3bfaa4b47fb654c850418ce861b,Robotaxi
0x8590977105a2ac180213449b71ab2bcd86412c80,BABYMOODE...
0x979e030a78a540e78ac33c1b7745a298fbfa18b3,$GPUL
0x6985884c4392d348587b19cb9eaaf157f13271cd,ZRO
0x26ebb8213fb8d66156f1af8908d43f7e3e367c1d,RETIK
0x6758f96b1927f6a84a444447cd1fe04d75ebb187,REPUBLICAN
0xbf5495efe5db9ce00f80364c8b423567e58d2110,Renzo Res...
0x767fe9edc9e0df98e07454847909b5e959d7ca0e,ILV
0x284b25d8f199125da962abc9ee6e6b1b6715cae3,SNAP
0x10025098bb91571aca9f7ab381ea46f6cafe0045,FUKU
0xb6805dc6f10a77d964aa9b305a2f8c7e7af2b268,FUKU2.0
0xadbba9b238381ac142cd79f18c34f4b0cf20c589,GOO
0x5afe3855358e112b5647b952709e6165e1c1eeee,SAFE
0x3739426e21d912b604c106f852d136ba58f61517,DOGGO
0x786f112c9a6bc840cdc07cfd840105efd6ef2d4b,EDOGE
0xbe77212a6c7f55567470c2c95aff7b0b0e0c3ef5,Shiba 2.0
0x710287d1d39dcf62094a83ebb3e736e79400068a,ENQAI
0x318430acef06dbda24eabe8c41170a3120c673b1,MAMA
0x9a27cc554acc9dbbfdee3e932b538f7264547715,DEMS
0x69420e3a3aa9e17dea102bb3a9b3b73dcddb9528,ELON
0x0f7fc7761d5b32496fbdfe2945c563cd3b1274d5,CyberCab
0x9fd9278f04f01c6a39a9d1c1cd79f7782c6ade08,BIAO
0x8c19f7854b27758ddffdcdc8908f22bf55e00736,YIELD
0xb58e26ac9cc14c0422c2b419b0ca555ee4dcb7cb,Niza
0x9eec1a4814323a7396c938bc86aec46b97f1bd82,TOKU
0xad8d08c6d24e42e6cd4e29a9e9d9af270d477e86,HACHI
0x26c8afbbfe1ebaca03c2bb082e69d0476bffe099,CELL
0x95ad61b0a150d79219dcf64e1e6cc01f0b64c4ce,SHIB
0x5d8b552daf7351c49792ace1449ecf2f15e79181,NIWU
0xa0ef786bf476fe0810408caba05e536ac800ff86,MYRIA
0x18aaa7115705e8be94bffebde57af9bfc265b998,AUDIO
0x66bff695f3b16a824869a8018a3a6e3685241269,BRETT
0x10d2bfe91d46d4661e3426cfb8b86ffdca6b9e63,PAC
0x4a64c07fc03302a4a0979afc2878e94d3cc80597,RTR
0x2e8e96dcee8c9b859db854b3e63bfe9d271c709b,MAGALYMPI...
0x67219acd43664e8fd12f97974b5adfa744f02f91,HSI
0x5de758bba013e58dae2693aea3f0b12b31a3023d,SATO
0x590246bfbf89b113d8ac36faeea12b7589f7fe5b,FLAPPY
0x22d2b0220115b3b83618d239e14c8e600a64a8c1,MAGMA
0x2ef89a2a07f667bf77682e8d92687baf090db362,AGURI
0xdac17f958d2ee523a2206206994597c13d831ec7,USDT
0x667102bd3413bfeaa3dffb48fa8288819e480a88,TKX
0x00f116ac0c304c570daaa68fa6c30a86a04b5c5f,INF
0x4e259ac371aa8c49fadacad9cd437fe0c07e390b,TRIO
0x9e18d5bab2fa94a6a95f509ecb38f8f68322abd3,OMIKAMI
0x12970e6868f88f6557b76120662c1b3e50a646bf,LADYS
0x68a47fe1cf42eba4a030a10cd4d6a1031ca3ca0a,TET
0x0cb605b0eb896e6bc66fe90386e1dad1acf32521,MOOWAN
0xa00453052a36d43a99ac1ca145dfe4a952ca33b8,Token Info
0x0590cc9232ebf68d81f6707a119898219342ecb9,BCAT
0x5e6478c9cae634136e57fa58517c7b54c0b66d70,ONEI
0xa3afde18361e4b986b79c421905d1dccccba017e,MABA
0x73d7c860998ca3c01ce8c808f5577d94d545d1b4,IXS
0x8baf5d75cae25c7df6d1e0d26c52d19ee848301a,CATALORIAN
0x0f917797f72423fc7220c63bb70755c7d81c5a09,RTR
0x3e0a326cc37e8cb96ea6dd8d032a2652ea5f90f6,HACHI
0x69479b3ead89d806187d4d0c4fd9840c5c478049,TRUMPE
0xae78736cd615f374d3085123a210448e74fc6393,rETH
0xa21af1050f7b26e0cff45ee51548254c41ed6b5c,OSAK
0x240d6faf8c3b1a7394e371792a3bf9d28dd65515,BRETT
0xf19308f923582a6f7c465e5ce7a9dc1bec6665b1,TITANX
0x7d8146cf21e8d7cbe46054e01588207b51198729,BOB
0x467719ad09025fcc6cf6f8311755809d45a5e5f3,AXL
0xae820433453d4ca9286a277cc437cae1b9846b65,MWAR3
0xae41b275aaaf484b541a5881a2dded9515184cca,CSWAP
0x9e6be44cc1236eef7e1f197418592d363bedcd5a,AZUR
0x83e6f1e41cdd28eaceb20cb649155049fac3d5aa,POLS
0xa957c958c74fc70e6f21f85caa69f99a85d27f9c,Grimace
0x4be7f4e7ffb720dcdcdf7c86718df2be8ade636c,NINJA
0xabcde3e9a7522ff458a55efce4948d4e435a4ece,pooku
0x03aa6298f1370642642415edc0db8b957783e8d6,NMT
0x0e1e9c733f1de54340dd77ce8cdb4bd847e1fe88,PAW
0x6942806d1b2d5886d95ce2f04314ece8eb825833,Groyper
0x58aea10748a00d1781d6651f9d78a414ea32ca46,VSG
0x1be279a20162d96381a75b6665a7ba8db3d021f1,DAN
0x391cf4b21f557c935c7f670218ef42c21bd8d686,XMW
0x728f30fa2f100742c7949d1961804fa8e0b1387d,GHX
0x48660519af97beb86a22d9750642561fbc6028a1,BABYFUKU
0xb7109df1a93f8fe2b8162c6207c9b846c1c68090,MAX
0x566e95139e4de1bfa505a598ec3a9da4cfa879ec,TCATI
0x39524f51183ef03f8bc5d32b1d03569b9aa26f8a,HACHI
0x94ba38535f192cc1255736245dc3817369c4e18d,LILY
0x271a66f8c4728b07a6a8d3895cf825f4a0791d3c,Minions
0x6de037ef9ad2725eb40118bb1702ebb27e4aeb24,RNDR
0x96332e66097ab11eb780cb5f1df69eece0bdd574,WANDY
0x24fcfc492c1393274b6bcd568ac9e225bec93584,MAVIA
0x7420b4b9a0110cdc71fb720908340c03f9bc03ec,JASMY
0x5408d3883ec28c2de205064ae9690142b035fed2,RASTO
0x3302277bdeecbee4616f2c62244b12dd630632fb,KyberSwap
0x423f4e6138e475d85cf7ea071ac92097ed631eea,PNDC
0x19848077f45356b21164c412eff3d3e4ff6ebc31,SPIKE
0x0009b85265a6296add048dc4f4acc0b127ac0103,CFH
0x54b6caa6b5a6cf780a429c85f41832b6849b40d9,MEMES
0x8afe4055ebc86bd2afb3940c0095c9aca511d852,AIUS
0xa10dd1e35ff4834aa1ed11d5307de6d386cd2203,MILAN
0x644192291cc835a93d6330b24ea5f5fedd0eef9e,NXRA
0x712bd4beb54c6b958267d9db0259abdbb0bff606,UDS
0xad8ad4c34d1b1395445cc7e26e94ef5f67cef198,NIKKEI
0x76a30c79b0ef3c28913404531c0eaacb577ca1d1,AZIZI
0xa2b904bee594ee6e573e358f9c58bcce9f0492c1,KAMA
0x7f90a7e812a2517532b9b2c1af873c2a22311a78,ERC-20:
0x89d584a1edb3a70b3b07963f9a3ea5399e38b136,AIT
0x02b4e1d1751266c2c1314c97af1a3784fe2434ca,ハチ公
0x56889e6f1b1e31040c5d0603abc34fc1d5611f98,KZGF
0x99bea801a15d7795231de28f5d3c7235d65d0d43,THETA
0x6eb2d25dc6e67e0e4a769652d8093e25187ade71,GINKUN
0x761d38e5ddf6ccf6cf7c55759d5210750b5d60f3,ELON
0x4f95ff812ced5b720ef8bb2fd4c7541c9f86c62d,74w
0x2bef30af4cd26821b1b80504bac8e625c1603e44,KABOCHAN
0x067def80d66fb69c276e53b641f37ff7525162f6,oGPU
0x45804880de22913dafe09f4980848ece6ecbaf78,PAXG
0x9b465aab9e8f325418f222c37de474b1bd38ded2,VANCE
0x400173987ba081c8e10f42514cf6a907e389e62e,TEVM
0x112b08621e27e10773ec95d250604a041f36c582,KAS
0x7714f320adca62b149df2579361afec729c5fe6a,TUP
0x84018071282d4b2996272659d9c01cb08dd7327f,BLENDR
0xa3d4bee77b05d4a0c943877558ce21a763c4fa29,ROOT
0xb50721bcf8d664c30412cfbc6cf7a15145234ad1,ARB
0x8ab2ff0116a279a99950c66a12298962d152b83c,ORDS
0x5fe72ed557d8a02fff49b3b826792c765d5ce162,SHEZMU
0x5972169d49654dda92af57d11d4362fa72c15b03,ZGEN
0x694204180a7a9d17523e508420b93860724bff0b,FEPE
0x163f8c2467924be0ae7b5347228cabf260318753,WLD
0x1294f4183763743c7c9519bec51773fb3acd78fd,FI
0xbe2656cfbe33404c99594549a51434e474f2a07c,NCN
0x4b3403362ff488d8b9916a4a4852bdd01619103b,ARG
0x91fbb2503ac69702061f1ac6885759fc853e6eae,KNINE
0x7cde4a1fc359eac5d13f5ecc5c9651e464567745,LON
0x19ac9f8ad07d884a010a182aa6434c264d36060d,YUMA
0x1bbe973bef3a977fc51cbed703e8ffdefe001fed,PORTAL
0x607be2ea94580de46a33992f15948fc86b33b8f5,MEMES
0x33ad67fee88d4e29b679717fc226296b8c59fb3a,かぐら
0xb5cf38b17ebfc2095a0446c21a498793193fa272,Anne
0x46fdcddfad7c72a621e8298d231033cc00e067c6,D.O.G.E
0xba386a4ca26b85fd057ab1ef86e3dc7bdeb5ce70,JESUS
0x20246103d59fb1c0f9e2ed911e2d9548b1c186e6,MAGA
0x7613c48e0cd50e42dd9bf0f6c235063145f6f8dc,PIRATE
0x551408a48965c6ccd4651ad9befd5660f302916b,5G
0xaf8173349f80e318ae58224d5f33506eb09d4b9c,ONIEI
0x420110d74c4c3ea14043a09e81fad53e1932f54c,GROGGO
0xb7e7165acc5b84d449d3fdf49fda38bd08ed81c4,ENCHI
0x91de8155480bba1e23c249ba25f252133590f145,AGURI
0x25cbb21a9da7c3c63bb77ccca5b2e2482aedb710,HOBA
0x27c78a7c10a0673c3509ccf63044aab92e09edac,FLY
0x4b6a6476b8ba8e0e5f4decc8d9e3303b5394146e,YUME
0x62f03b52c377fea3eb71d451a95ad86c818755d1,DOGEVERSE
0xb22c12940281fdac9c64bf84b8854aa9ce22b68d,Everything
0xb96be52942dcbd09dca8e68afc628ce51600aeaa,Linea
0xbcee9627b1362fcaed68a16e7d43ae5071e528dc,MAGANEIRO
0x91728964a38af2ae1ded7cd343049f8b9555166d,FIJI
0xae7ab96520de3a18e5e111b5eaab095312d7fe84,stETH
0x3ea208328a659f1758c77d1d4bc5ec27e2b8819d,MEME
0x2200ff8877aa8844aae5d06d7e9fc0b7e2d26158,GREEN
0x35a5ed05faa66f8ae05bf22b7266a444aa971707,NINJA
0x10c7b4421cf3140de3bda40af19836848ac71004,FUJUN
0x409b46013c78c63cf376f17466aef87895617451,ERUTA
0x2dff88a56767223a5529ea5960da7a3f5f766406,ID
0x7a8db09a2183cbd40767f6302506ca2d1cff1188,ME
0x504624040e0642921c2c266a9ac37cafbd8cda4e,LOVE
0x549020a9cb845220d66d3e9c6d9f9ef61c981102,SIDUS
0x826180541412d574cf1336d22c0c0a287822678a,FLIP
0x168e209d7b2f58f1f24b8ae7b7d35e662bbf11cc,LAI
0x0a2c375553e6965b42c135bb8b15a8914b08de0c,FROG
0x944824290cc12f31ae18ef51216a223ba4063092,MASA
0x16fefc0b30c17d546c11e3ae15818010acbedb30,FUKU
0x470c8950c0c3aa4b09654bc73b004615119a44b5,KIZUNA
0x49d1ec7c1170d28c9ac5a1f6fe1cd865bf07340d,PUTIN
0x5b7533812759b45c2b44c19e320ba2cd2681b542,AGIX
0x405919920765e8d30822db9342b62bb0f92976e8,QDFI
0x70ab15bc0c8fd8fc7b7e967702c9cf4925b1ddf7,Azizi
0xb1fc3be1d7d04d13d46fc51bc6bd2aacf9e3d7dc,BeDeFi
0x038480645079e61b2852c04e1465da01928a6a20,JOMA
0xb476a530d56d9d1dd9fe054acaa226823ec1d23a,REMIL
0x83f9ab0cf05d45d76cc15c5640b88187d4b30305,$BALL
0x4216663ddc7bd10eaf44609df4dd0f91cd2be7f2,MPEPE
0x27b29d28e6b81686c5b131365fdda6b114068d9b,EOP
0x6d6ce7fe639146cc3c3aabde18894bd05688410b,FINU
0x8e2128d2f2f2645c107916cfc62e0c1b1951fdb7,47
0x1d02958865585e8de5a282c36257e3335100b7d4,RYUJI
0x5574c325ce460fa6b9d55615a440c81409b1c1ce,TF47
0x418d72ff102e1dbd2c7175324210fc8421a293e5,FUKU
0xbaac2b4491727d78d2b78815144570b9f2fe8899,DOG
0xb0ffa8000886e57f86dd5264b9582b2ad87b2b91,W
0x967da4048cd07ab37855c090aaf366e4ce1b9f48,OCEAN
0x25c702813b5f07496803e4d007591db2ca0ef890,DMC
0x8248270620aa532e4d64316017be5e873e37cc09,DEVVE
0x7d1afa7b718fb893db30a3abc0cfc608aacfebb0,MATIC
0x23f3d4625aef6f0b84d50db1d53516e6015c0c9b,NUTS
0x20432fc479faef31d7c509b3e5209064b3f5c63c,FUKU
0xb8a914a00664e9361eae187468eff94905dfbc15,DRIP
0x2b591e99afe9f32eaa6214f7b7629768c40eeb39,HEX
0x73a15fed60bf67631dc6cd7bc5b6e8da8190acf5,USD0
0x9c7beba8f6ef6643abd725e45a4e8387ef260649,G
0x4eed69d1d90684d7447a70c76e10b4e42ad8ee36,YAWN
0xaf774e472e224dca372c929bab6ff940b8fa8b56,HIRO
0x4a029f7bcf33acb03547d8fa7be840347973e24e,MAZZE
0x9156b634fd5ca84e019fe00978358ac17c6fddc0,Moodeng2.0
0x76ee1d6815235e41ceb7050710180ead5614672d,ATH
0x888b979a41cbd7c62a0124b4bb68506f812fb263,BURN
0x4691937a7508860f876c9c0a2a617e7d9e945d4b,WOO
0x7aad2986b20ebbc35d0fee4f0881eb79ff0f6d37,PUMP
0x4a220e6096b25eadb88358cb44068a3248254675,QNT
0x1d4fb9bfa1967be6ca74819e28b98c2aa5ae8b59,NEIREI
0xbdbe9f26918918bd3f43a0219d54e5fda9ce1bb3,MOLLY
0x235b6cfb250899dfc98ae413065fca9e972051ce,LUNES
0x30303101104100c397c069e0642acac518420205,PC
0x1b12b165d520eaa8d6d8022de78a16cc2c909e6c,FUKU
0x7c757563bf40ea981c5e2d6b60e6f1811f6251c6,FWOGGY
0x339058ca41e17b55b6dd295373c5d3cbe8000cd9,NEIRO
0x25b4f5d4c314bcd5d7962734936c957b947cb7cf,TGC
0x0f2d719407fdbeff09d87557abb7232601fd9f29,SYN
0x38e382f74dfb84608f3c1f10187f6bef5951de93,MUBI
0x00a2bbcda754a7373a119b27ff7430e0773c9a36,DRC
0x084639357d45f600c425a189c99ed255ed031fe2,NIC
0x1111b1ea9129f312aea5ea13a496d1839809f974,PBAR
0x393f1d49425d94f47b26e591a9d111df5cd61065,GUA
0xbc4f285aa4bc2c4e186311b46ca474916c62eae0,AOCHAN
0xb333f60ebadb65f62e464f3f343b960b623cbee4,BURN
0xadd9ac6d7c6b869a67d5fda062c72696bc796830,DEEP
0x80ee5c641a8ffc607545219a3856562f56427fe9,BRETT
0x7087c92ec764e75e7be7701eba15cd95d90f501f,MATT
0xd7b2c1a7f3c67fb0ea57a7ef29bc1f18d7be3195,vMINT
0x655af863ccd421d374bd966f93e904033bd7dd46,AUGUR
0x12996c7b23c4012149bf9f5663ff9aa08a9cf2e4,WSH
0x7753cfe88bb3d8dbe2ce0b2c37f098b0eae50139,HARRIS
0x2a3bff78b79a009976eea096a51a948a3dc00e34,WILD
0x0954906da0bf32d5479e25f46056d22f08464cab,INDEX
0x32f411f32dd14f142c087062335032f89bdecb0e,SATO
0x9d39a5de30e57443bff2a8307a4256c8797a3497,sUSDe
0x44108f0223a3c3028f5fe7aec7f9bb2e66bef82f,ACX
0x67c4d14861f9c975d004cfb3ac305bee673e996e,LANDWU
0x6666669b30f12dc4107e4096d5427a1a42607b90,BILL
0x89b69f2d1adffa9a253d40840b6baa7fc903d697,Dione
0xb1ef80f2683b32d3ff29a371fbb361d59f0e6c16,GAME
0x12652c6d93fdb6f4f37d48a8687783c782bb0d10,NGL
0x2bc46eb4ae80ddd9c8a6e064c74327c8244d88e2,SVM
0x289ff00235d2b98b0145ff5d4435d3e92f9540a6,BOOE
0x9a1d4f11428dc5a78558dac54b4d5daee6a30787,wFUKU
0x6f2495e244915b164df57ba135f8430fa01c4d25,Toil
0x06450dee7fd2fb8e39061434babcfc05599a6fb8,XEN
0x283d480dfd6921055e9c335fc177bf8cb9c94184,VIX
0x8968e0c5d850ada8be1e67eecec1a282cd381a8a,COOL
0x02e5f773e61798240d320d4df26b85caa4d56c41,MEEKOO
0x31c8eacbffdd875c74b94b077895bd78cf1e64a3,RAD
0xa0b73e1ff0b80914ab6fe0444e65848c4c34450b,CRO
0x6b3595068778dd592e39a122f4f5a5cf09c90fe2,SUSHI
0xac57de9c1a09fec648e93eb98875b212db0d460b,BabyDoge
0xa059b81568fee88791de88232e838465826cf419,THREE
0x1cc7047e15825f639e0752eb1b89e4225f5327f2,PLX
0x7391425ca7cee3ee03e09794b819291a572af83e,MOG
0x6e5d5760551f8e19e1adaafa1de1865a020ed767,HANABI
0x7e744bbb1a49a44dfcc795014a4ba618e418fbbe,MAGANOMICS
0x12008b8784f39709fe4b757340da5548918b9d57,AGENDA47
0x9343e24716659a3551eb10aff9472a2dcad5db2d,STFX
0x75c97384ca209f915381755c582ec0e2ce88c1ba,FINE
0x41d06390b935356b46ad6750bda30148ad2044a4,HUSBY
0x9fdfb933ee990955d3219d4f892fd1f786b47c9b,MK
0xa3ff7ae5e83cf83b61c0624b7f1bca1867c6de3c,FUKU
0x69babe9811cc86dcfc3b8f9a14de6470dd18eda4,BABYPEPE
0x0001a500a6b18995b03f44bb040a5ffc28e45cb0,OLAS
0x94132bab33c5d97c9b43b6a7b1457f2ab4543d40,$SAITAMA
0xb131f4a55907b10d1f0a50d8ab8fa09ec342cd74,MEME
0x2accf4549c04c7929b8409d9f3ec1020fdcec087,TITO
0x7ca5af5ba3472af6049f63c1abc324475d44efc1,KNDX
0x2c95d751da37a5c1d9c5a7fd465c1d50f3d96160,WASSIE
0x5fbd3ddc1e97e2b98fa8cae5b5af8c11d5f2296a,RLUSD
0x2f573070e6090b3264fe707e2c9f201716f123c7,MUMU
0x8b8f9419ed9fd8c168128bf05c5d5fe7b17fe11d,Milo
0x0ce4fb94d4b0efa9c2c220de297eee471587c2da,EVERYTHING
0x16f8e33986feb1b6375e527735f8c3209fe92d89,CYBERCAB
0xba0dda8762c24da9487f5fa026a9b64b695a07ea,OX
0xab8cf53d94c4cb229ed1bbac897e8f7bc469e389,KOTAROU
0x808c16ace7404777fe24a6777a9cb2335aa82451,JOTCHUA
0x8e0e57dcb1ce8d9091df38ec1bfc3b224529754a,CAH
0x08709543199edd2c0fa6937651695d88eef1863f,L2MP
0x236501327e701692a281934230af0b6be8df3353,FLT
0x103143acf2e717acf8f021823e86a1dbfe944fb5,CHEESEBALL
0x020149e97bf168a61c9598a44a1ee6cf5be3647c,LWT
0x6bb3d94eec57d5f7d33857acade4c34524d19ac6,NEIRUMP
0x3bd7d4f524d09f4e331577247a048d56e4b67a7f,5IRE
0x4abd5745f326932b1b673bfa592a20d7bb6bc455,Froglic
0x89d119f468e1abcdc42d62b92da37dd1f087ae9e,JONA
0x06a01a4d579479dd5d884ebf61a31727a3d8d442,Skey
0x514910771af9ca656af840dff83e8264ecf986ca,LINK
0x9155ef3f1a5b5fb43a1bbeb198cc0a7daf482679,"∑, ∆"
0x460372866fe1448de1549cebdb0539f4075a2aa8,SHERK
0x822dc78c976ab4bb4417d84b61fd50f858a1132e,HPD
0x3b4532f106797394b2839f236d2f8f2dbe4cdad5,BEIRO
0x853d955acef822db058eb8505911ed77f175b99e,FRAX
0x006bc0a61d5e3700bd20b95885267716c4c58c4f,AGURI
0x8fe005cae86295064ff5c4d3bdb671305631e715,RTR
0x590f820444fa3638e022776752c5eef34e2f89a6,AlphBridge
0xb92e9ea6c13799135a978ab45ec4e90cb8dd5efb,Hachi
0x18084fba666a33d37592fa2633fd49a74dd93a88,tBTC
0xa882606494d86804b5514e07e6bd2d6a6ee6d68a,WPLS
0x32c6f1c1731ff8f98ee2ede8954f696446307846,BEARDY
0x1151cb3d861920e07a38e03eead12c32178567f6,Bonk
0x85d19fb57ca7da715695fcf347ca2169144523a7,CONAN
0x2541a36be4cd39286ed61a3e6afc2307602489d6,DOGE20
0x74be64b45d394fa57816c1950e94dbb8d7a7b306,GINU
0x81d5ad709066eacc20206a3b55d8b64c786fd7ad,IAFN
0x8fc17671d853341d9e8b001f5fc3c892d09cb53a,BLOCK
0x046c4a4ad5a6dde4222ed693c9d9825c0f184939,ROSS
0x9813037ee2218799597d83d4a5b6f3b6778218d9,BONE
0x654200d2fba5d27e83fad0b90570b8f21d89e8c8,FLUFFY
0x2b56c36fc6d1ee2265efc95bf98113069cbb9734,LEN
0xb60fdf036f2ad584f79525b5da76c5c531283a1b,NEMO
0x77a83de9ce229e95946c20f691ec27bd0e5a5a20,MOOWAAN
0x1bbf25e71ec48b84d773809b4ba55b6f4be946fb,VOW
0xacd2c239012d17beb128b0944d49015104113650,KARRAT
0x66761fa41377003622aee3c7675fc7b5c1c2fac5,CPOOL
0x97a9a15168c22b3c137e6381037e1499c8ad0978,DOP
0x4108aba77e39b01798a6cac93279a58e0156d4ad,FUKU
0x02f92800f57bcd74066f5709f1daa1a4302df875,PEAS
0x747e550a7b848ace786c3cfe754aa78febc8a022,DODO
0x55a05cf8898dd1c582eef939df645d5d235c6f74,COSMIC
0x407efce80a66b815179d15f3182ad4baeda5c6dd,OAK
0x9ce84f6a69986a83d92c324df10bc8e64771030f,CHEX
0x986df267bb88a0a0be06dd4a1052e1bdec1a6172,HQ
0x3643514d9c9e7b1413f98f802f2ec2f7d80b24f6,NCN
0xcbde0453d4e7d748077c1b0ac2216c011dd2f406,TERMINUS
0x98334df8b45059957e77bfc79ca2ee270f137e36,DOKU
0xb22415f52769fe6f778cd2e733d3a3edb2060ba6,BSH
0x50d1c9771902476076ecfc8b2a83ad6b9355a4c9,FTX Token
0x420b879b0d18cc182e7e82ad16a13877c3a88420,BUD
0x5775e6ea772bda4a6ddcc9af02e8bcd64e93b7ad,MOODUANG
0x80122c6a83c8202ea365233363d3f4837d13e888,M87
0xe2cfd7a01ec63875cd9da6c7c1b7025166c2fa2f,HYPER
0x19aec75b18c627cf083d39caeefbbe45d0dcaf61,NMB
0x9ee918ab9d8909344f70d7dc52b3717beb13ade3,LUNES
0x3d806324b6df5af3c1a81acba14a8a62fe6d643f,SOLANA
0x71753cab15e51b91a9ccc9e6e87502f39a659430,ELON
0x00d3c0df0ad5c0bda5816bc9cdd49962a729bbf4,PUDGY
0xbadff0ef41d2a68f22de21eabca8a59aaf495cf0,Kabosu
0xb65a4597ddbba5cdda3262c2c432bd05e1d30ddc,CHIBA
0x3c3a81e81dc49a522a592e7622a7e711c06bf354,MNT
0xae6b61f0bb0a21b0ef5952377d5ae22ed07e553c,KwNwK
0x9d841371c197f01837445a30d51ebd7c3b7d9fef,FUKUJI
0x477a3d269266994f15e9c43a8d9c0561c4928088,YAI
0x1131d427ecd794714ed00733ac0f851e904c8398,GENAI
0x3c522221203916211af9f53d77b7b66cbab963b1,THEO
0x1008cbe8617b823e3135adc2551cafd7e49fbcf3,NIFTY
0x1fdd61ef9a5c31b9a2abc7d39c139c779e8412af,JJ
0x56072c95faa701256059aa122697b133aded9279,SKY
0xaeb3607ec434454ceb308f5cd540875efb54309a,STRDY
0x89fd2d8fd8d937f55c89b7da3ceed44fa27e4a81,BUG
0x596a1d692b29d68d4912defb6121dd9291335f85,eef
0x628a3b2e302c7e896acc432d2d0dd22b6cb9bc88,LMWR
0x358f46aafa938e609fc90cf5e9aad0360c88eeb0,Aunjai
0x9f04c2bd696a6191246144ba762456a24c457520,AITAX
0x68b002d069d3aec1a10490ff5e45345a9a3c07db,KHAKI
0x85f17cf997934a597031b2e18a9ab6ebd4b9f6a4,NEAR
0x6019dcb2d0b3e0d1d8b0ce8d16191b3a4f93703d,QF
0x4ff8b6050b076fd601bbee794cbb4a8452edba42,Roadster
0x1ce270557c1f68cfb577b856766310bf8b47fd9c,$MONG
0x38c2a4a7330b22788374b8ff70bba513c8d848ca,TRUF
0x626e8036deb333b408be468f951bdb42433cbf18,AIOZ
0x80008bcd713c38af90a9930288d446bc3bd2e684,KARATE
0x6b0b3a982b4634ac68dd83a4dbf02311ce324181,ALI
0x0958d25520a49449106f6658434e53c231bdeaf4,SATO
0xb98d4c97425d9908e66e53a6fdf673acca0be986,ABT
0x09f5846048285b0d88562570c25a680614b356a4,CHarris
0x3432b6a60d23ca0dfca7761b7ab56459d9c964d0,FXS
0x90df2b3a912912e888564a488425c1718823c89f,HARPER
0x9bd9b568802560fea9fdbfb55a789f3314d8cab9,HOPPY2.0
0xa4c1a7e82d3847edce4f2cec10b06437eeb458bd,FIONA
0x814638981890baeb84f622200d824ee71fa4a375,MCD
0x78128d17a89e5fe51bd0e757cfbc5703c34c7fb6,$EWT
0x04d47d4262b59e3defc34e19574c67a2ab1bb469,TOAST
0x304c3f4eb072283a492060c99518b0f9395a4183,BABY
0x553cf8bedceaa04648ecc19271ab3199e334d7d7,DOGEI
0x8de5b80a0c1b02fe4976851d030b36122dbb8624,VANRY
0x3f8a67d6a5d8c02a1e9b7acb768ce33181a90c94,MOOTUN
0x8f8221afbb33998d8584a2b05749ba73c37a938a,REQ
0x8581998b905070b8984d99dc9af2c6800d97dce1,BABYNEIRO
0x7e21c12eb03a0d235d6c513762050e9f58828eca,COLON
0x4e9fcd48af4738e3bf1382009dc1e93ebfce698f,TAONU
0x2b8aac1630f7bc0c4b1ed8036c0fe0d71cb44709,MASK
0x0f647102793d6cb357e708030ceaf5cfbc1e21b3,Starship
0x01dc9c55032897f25f300bb66066132ba0da205f,DUDES
0xbeff179b91ccfc057000d55a424664b01d0d1968,RTR
0x68aaa0d94ea163b9bbf659dc3766defb4c0ac7be,ANDYMAN
0x8aec4bbdcfb451aa289bfbd3c2f4e34a44ada1be,dogwifhat
0xba00357fd9348da1adbae9b2867b6b596eba4f24,LCR
0x579cea1889991f68acc35ff5c3dd0621ff29b0c9,IQ
0x738764ffba76c89d9aff1b3eebb48b3bbdce974f,wDOG
0xbdcd291c32e06bbf2d7b1ffc823959e3258e3583,WASD
0x6efb32bc7893b793603e39643d86594ce3638157,CNDL
0x73a65002838e1f2973dd0862da9d500484070ea1,TSU
0x30ae41d5f9988d359c733232c6c693c0e645c77e,WAAC
0x8b629a6821c2995c65c7a5ee49da246862ba66db,LEN
0x6ace812575968be5f180cafd3d5e9de8ae5eeef5,SAMUEL
0x6de73ced5dd4c33235f9f4bf5de47b5d33c6392a,PUPPETH
0xb45d5ae41f727e177c0fb62b0d7b6463b62725a9,SSD
0x6faf8fccb5ccc372b13a1f4b27d9e9d30bfab27b,ERC-20:
0x4cc13080286e0965a8477e02823c939a085bfed4,SPC500
0x90b59c14df0e3ec457c91849d0be59e632b4ecc1,CHICO
0x059956483753947536204e89bfad909e1a434cc6,ML
0x8b75feeec5568ce5fe24ae7dc1431400a3215569,WIN
0x40a43bae1774616812158decadce63c8886fb0fa,KAISB
0x4206931337dc273a630d328da6441786bfad668f,DOGE
0x19af581c79120fc7d1b4b16a295fc7fcfbb53b3d,FUKU
0x6916e33379fe59415ef8b6d5c67b6a6177bd4dde,EON
0x3b604747ad1720c01ded0455728b62c0d2f100f0,WAGMIGAMES
0x6942016b8de9d18a5831eeda915e48b27cc8e23d,PICKLE
0x9cf0ed013e67db12ca3af8e7506fe401aa14dad6,SPECTRE
0x72b00e483a0ec40634f47043d3190be6ac210072,OHARE
0x9ff58067bd8d239000010c154c6983a325df138e,PROPC
0x508e00d5cef397b02d260d035e5ee80775e4c821,1CAT
0xaa7cccd79b4af66a11451bfa9305e7a584915e7b,MOODENG
0x70e2ec611b39fae7ff430e57425e23f75440ef50,WL
0x0258f474786ddfd37abce6df6bbb1dd5dfc4434a,ORN
0x8f3470a7388c05ee4e7af3d01d8c722b0ff52374,VERI
0x00a5147ef2633f09f857634846a0d2c6796b10d7,fuku
0xb04c51fd25fd655947e762c5cf4bbf847aad95f5,MAJIC
0x7022fe5fedbd54b40fdc52be30c1c578fb55c2bf,SKULL
0xff7c3964bbe9315732958e914eb041cdd05f3c77,TSUJI
0xee2a03aa6dacf51c18679c516ad5283d8e7c2637,NEIRO
0xd0b0e54ebe7f450be3f1b438e45b95d0ec6f9bd7,LEN
0xe0f63a424a4439cbe457d80e4f4b51ad25b2c56c,SPX
0xd0ebfe04adb5ef449ec5874e450810501dc53ed5,BRUME
0xd29da236dd4aac627346e1bba06a619e8c22d7c5,MAGA
0xfb1cc185319df5caa21669e16c222d2bf47382af,SSSFFS
0xe9b8c15cb7c669c3f2679739c7835c6b911dbddb,BabyNeiro
0xfe8526a77a2c3590e5973ba81308b90bea21fbff,WAI
0xc96de26018a54d51c097160568752c4e3bd6c364,FBTC
0xe9879063df114e996eba0d20abc429aeccf1cccd,Aunjai
0xe81c4a73bfddb1ddadf7d64734061be58d4c0b4c,PESTO
0xf43f21384d03b5cbbddd58d2de64071e4ce76ab0,GIGACHAD
0xf7760c2c0677078b1d1b6b8463f1de1c6c91a9f8,PP
0xd688cde988791950ca06325330f5e6ad593129c1,JPX
0xe8335b4ac83aba4ff1a4205ad0ec722be16fa8c2,VITALIK
0xf9a8182c0ae1f2b28ccf1c40676f987ae9a0fbb8,Bill
0xd450a5900b80b4c6610f507ff50275d2830cb13e,FUKU2
0xfaba6f8e4a5e8ab82f62fe7c39859fa577269be3,ONDO
0xec53bf9167f50cdeb3ae105f56099aaab9061f83,EIGEN
0xc2eb40516ecaac04ae9964934983d1e9ebdf51fd,99BTC
0xc7a3d31eb46bc54e64c16a968288d5f65f1a88f8,NYSE
0xf04b4d4d78f4d171e448905bcffe2ceff2197193,ELON
0xf625d8626afb2bacebb89ce8446b1bac98206f51,CHACHA
0xceb67a66c2c8a90980da3a50a3f96c07525a26cb,KABOSU
0xc390db0f9efd65638d97105c2f9a4625bd742ca6,kheowzoo
0xf704d8d0e2e99e955c9f704c356dd3d3f8006e50,SON
0xfefe157c9d0ae025213092ff9a5cb56ab492bab8,FEFE
0x9f8f72aa9304c8b593d555f12ef6589cc3a579a2,MKR
0xee16bd5e21cd5d27d0eafdabbcca0a438e97e46c,ORIEN
0xeccc694113c27641fb7c9ff1849e2ce87c2a8c0f,MEGA
0xff836a5821e69066c87e268bc51b849fab94240c,шайлушай
0xe52c198e9922959f901e7050eac81ab90b21c03e,BFUKU
0xcd5fe23c85820f7b72d0926fc9b05b43e359b7ee,weETH
0xfde85663d58702d21a550f51f7288f1bef725e26,MEIRO
0xd12a99dbc40036cec6f1b776dccd2d36f5953b94,DRAGGY
0xf364cfd3d4e6059a4bf3f035a6c384d0b756cd7b,MABA
0xcf0c122c6b73ff809c693db761e7baebe62b6a2e,FLOKI
0xd91670ddf90c1457bd7394c08595a31861b034cb,FUKU2
0xc3dc991f2e0d39b3f3c4f8aaedb30f81207974c6,DELON
0xe413cbe60feccd79f15a5d88750b6b38c44f0f81,Пепе
0xd46ba6d942050d489dbd938a2c909a5d5039a161,AMPL
0xf9f3c901ccd97e0a9456849333094e7bf8543f58,NEINEI
0xed89fc0f41d8be2c98b13b7e3cd3e876d73f1d30,GOU
0xf94e7d0710709388bce3161c32b4eea56d3f91cc,DSync
0xf951e335afb289353dc249e82926178eac7ded78,swETH
0xfb48b69174cabdce17a7b20a7ae51b256e7609b9,PEPIRO
0xc16336ffc9dc09f36606e98ce0bcee3971419896,AZIZI
0xc18360217d8f7ab5e7c516566761ea12ce7f9d72,ENS
0xd8e8438cf7beed13cfabc82f300fb6573962c9e3,HONK
0xe07b1aaff54e5b90096862888b0629036f584078,LABUBU
0xd4f4d0a10bcae123bb6655e8fe93a30d01eebd04,LNQ
0xe53ec727dbdeb9e2d5456c3be40cff031ab40a55,SUPER
0xdd66781d0e9a08d4fbb5ec7bac80b691be27f21d,AXGT
0xf6d1843b9d852d86fd8a13e747af2bbf57482014,wTRUMP
0xe185fb53d387b1ceb94f18b22799ebb218c6af65,SATO
0xde7d1492a9e22ce27c689d10caff5fea945d5b3a,IZUMI
0xd43fba1f38d9b306aeef9d78ad177d51ef802b46,GONDOLA
0xe5201e7e22cd7b1139d8b7f7df1d55facbce7c9a,POPCAT
0xca530408c3e552b020a2300debc7bd18820fb42f,RYU
0xe70629b13cecb30bedf86c9633b8911a876f6263,GN
0xf944e35f95e819e752f3ccb5faf40957d311e8c5,MOCA
0xde8ae95b1763d8fd23bd37d0eb30116ac60b0116,XRPEPE
0xf6ad423f40a8c6bfb038360ab7d0881f89106023,RTR
0x8c9532a60e0e7c6bbd2b2c1303f63ace1c3e9811,pzETH
0xfe0c30065b384f05761f15d0cc899d4f9f9cc0eb,ETHFI
0xc04f2ac484176b68bb5dd4fcd5e44c24099d5966,EPAC
0xd09eb9099fac55edcbf4965e0a866779ca365a0c,COLON
0xf8bef12b93d0b56e508efc1c4e5a056c2508e047,KOZUE
0xe92344b4edf545f3209094b192e46600a19e7c2d,ZKML
0xfcd7ccee4071aa4ecfac1683b7cc0afecaf42a36,BLAZE
0xde342a3e269056fc3305f9e315f4c40d917ba521,BYTE
0xfeac2eae96899709a43e252b6b92971d32f9c0f9,ANYONE
0xf1eccd41cce1f4beb8c5ca87de7949816ce05a45,MOCK
0xf535b384e4858a78e4c017dad27416ccee764e67,AGURI
0xd324b374c9fdbd570181c8abfaece868706ea9ae,AURA
0xe2af8494202ae46c8b9cf31dd41f2a0661007a52,KANPAI
0xf68df06ac6a44334a970c4cdd9c107e985cccd34,POCHI
0xdcb995d09ceaa20904c5ecc98587be5bec0f3de8,TSUJI
0xff56cc6b1e6ded347aa0b7676c85ab0b3d08b0fa,ORBS
0xdedc3000e72300ced83a1b57f5fc015088c7c171,SNEIRO
0xd8244639757fb7763f82e79dacfda9f89dcb316b,CATDOG
0xd9a442856c234a39a81a089c06451ebaa4306a72,pufETH
0xd31b40a9b811dbcf6e21c24ce03b82abd5288970,MOODUANG
0xd7db5f23cf73fb27a18947019683d542cb000d4e,LowIQ
0xdc7ac5d5d4a9c3b5d8f3183058a92776dc12f4f3,MONKAS
0xdf596aec4527cc181895c01767911a1278ee3795,WALZ
0xc261e38a7e9d811237c4efa8b81ce9c52f457bf9,WFUKU
0xd07ff87b7e3774e1c7c7a6953b258dabe81e1f13,DINEIRO
0xe0318b765e30fe9fbe533bdf7d7fb3e197d5f3d0,ECLP
0xfa2de5529154d12eaed05e3d0957535fa873f893,CyberVan
0xc56c7a0eaa804f854b536a5f3d5f49d2ec4b12b8,GME
0xc7bb03ddd9311fc0338be013e7b523254092fda9,n
0xfae103dc9cf190ed75350761e95403b7b8afa6c0,rswETH
0xcccabbe13f5a9c0fad8f1a922e08d8246f2dd9a5,NEILUO
0xefded208fc59498e35d3310373b125e7d3f499bc,Adam
0xe5a733681bbe6cd8c764bb8078ef8e13a576dd78,DPAY
0xf57e7e7c23978c3caec3c3548e3d615c346e79ff,IMX
0xf131c3646cffc8f43743cbb0528859bf03d436cf,JONAH
0xef373c3ed16db45fba804b1b43e177e250faddba,FUKU
0xf280b16ef293d8e534e370794ef26bf312694126,ASTEROID
0xeaa63125dd63f10874f99cdbbb18410e7fc79dd3,HEMULE
0x8236a87084f8b84306f72007f36f2618a5634494,LBTC
0xc3960227e41c3f54e9b399ce216149dea5315c34,CZ
0xcb43c88c980ff3a2c3f45f125d9886e7aabcd017,FREAK
0xcf91b70017eabde82c9671e30e5502d312ea6eb2,puppies
0xcb76314c2540199f4b844d4ebbc7998c604880ca,BERRY
0xf2eb894125819246059f5f2fa24b6a70c593476f,rabbi
0xda0c0d0a0ff8262f3ee9ee8a712b988df897be65,WLF
0xc73d1e542076642edc3e1e7f445bc15ce2bd2173,DJX
0xf1df7305e4bab3885cab5b1e4dfc338452a67891,PALM
0xe2bc453851b18f3cbdb3f41f40c8ac7d47d41dee,GUCHAN
0xfa3e941d1f6b7b10ed84a0c211bfa8aee907965e,HAY
0xf8ebf4849f1fa4faf0dff2106a173d3a6cb2eb3a,TROLL
0xe0aa2142b2f6f42d3d353ca72783c2f7dd5a25a0,SATOSHI
0xcf4b773731712d591590267cc292207dcdb66f2d,BABY HARR...
0xc82e3db60a52cf7529253b4ec688f631aad9e7c2,ARC
0xeaebb6cd3a1f9b9cad725d0189ba5bfea25a9d76,bSIM
0xda86006036540822e0cd2861dbd2fd7ff9caa0e8,TUBE2
0xc9bca88b04581699fab5aa276ccaff7df957cbbf,VISTA
0xf3c5f2dbea39198be4850eadada3dc8e8f75b420,AGURI
0xeda7d2c70cd75d06947b7d0b0b0910ca9b07148a,GATSBY
0xd3d0fb41d88d3d7a0e57362c97d3b7274a1637de,MILKBAG
0xdfccbc586102e5ef4d249361416c30db4258d8f0,TROOMP
0xc8f604f2376b7d284df65ee83dfa946223cd01c2,MOOWAN
0xc6c24192f7fd246915ad528263ac838f608fb20a,FUKU
0xddaf27167929cd045a7d97d09a4fa1046ece3d89,MELLSTROY
0xd1d2eb1b1e90b638588728b4130137d262c87cae,GALA
0xe71665f01315c9433e44e7b5d801747793d39314,EVERYTHING
0xc1609f2300b046cd85d211db6f95328da933fb00,ROUX
0xf1ff59fa458bee12d6526dbd92290090bf670e29,fluffy
0xea7b7dc089c9a4a916b5a7a37617f59fd54e37e4,HyPC
0xee8268e6996f32de4db966b5fecffbd7ed93f512,DARKMUSK
0xe56a10448c632e44605dcc5201c36122ff9d0250,HEDGE
0xe0a458bf4acf353cb45e211281a334bb1d837885,4CHAN
0xeeb4d8400aeefafc1b2953e0094134a887c76bd8,AVAIL
0xf21661d0d1d76d3ecb8e1b9f1c923dbfffae4097,RIO
0xf091867ec603a6628ed83d274e835539d82e9cc8,ZETA
0xc08e7e23c235073c6807c2efe7021304cb7c2815,XUSD
0xcf01a5c02c9b9dd5bf73a5a56bcdbc9dca483d43,TRUMP
0xf5e9b3ed0f2f4200b9cc76705c01ccd3fcdaee0e,SALUKI
0xfddda3bf89579018999b42d0c36e2ddf88bd4f85,OMEGA
0xc06bf3589345a81f0c2845e4db76bdb64bbbbc9d,MEGA
0xc8f69a9b46b235de8d0b77c355fff7994f1b090f,$SPEEDY
0xf411903cbc70a74d22900a5de66a2dda66507255,VRA
0xe5018913f2fdf33971864804ddb5fca25c539032,OLM
0xdb0238975ce84f89212ffa56c64c0f2b47f8f153,Flork
0xf2d3e561bc66797ab352ae1c82b324ce3ebb9927,neo
0xc78b628b060258300218740b1a7a5b3c82b3bd9f,wCOMAI
0xcd145189a12ccc3f9c622766fb20d00dc2059ead,Dinger
0xef416ca38deecc67bf8cbc491d618a7aae6b3c78,BAG
0xc8617cad93add9f709d4429ad18511e72a0d717e,FUGU
0xd812d28cd40848d9c0ae01ae4e3b42e42a707d6f,WALZ
0xf6ce4be313ead51511215f1874c898239a331e37,BIRDDOG
0xeff49b0f56a97c7fd3b51f0ecd2ce999a7861420,FOFAR
0xe911f1bdae01e3a7a01ac5d90a7672c98a79a625,LEON
0xe20d45cccaf05e5c7bd5e1e634577bffab4f2ff6,P3P3
0xc092a137df3cf2b9e5971ba1874d26487c12626d,RING
0xde30da39c46104798bb5aa3fe8b9e0e1f348163f,GTC
0xd096947f98170ca412cfc033bab8bca27208decb,WALTER
0xcf38809f27061134a83c7dbaa26e1202ef41769d,Walz
0xceec94a1156c316b912214689ae57311ebf736a8,FAMILY
0xdc035d45d973e3ec169d2276ddab16f1e407384f,USDS
0xda987c655ebc38c801db64a8608bc1aa56cd9a31,SYNT
0xdabf5657a90c5acc928252f9f77559496790af5e,BABYFUKU
0xfd80fe54e7360122cd1ba16b2091cb7a63c5c00d,NIKO
0xf4d97d1bb548a1a0ab41ec384f6260493de886cd,SHIKU
0xfc1c93a2507975e98b9d0e9260ded61a00152bf1,NAVI
0xd6c2202a8f8f2bfd50e3d90753c1a63a601a202f,Alien
0xe28b3b32b6c345a34ff64674606124dd5aceca30,INJ
0xd70f4ff26ad016ab2ccd103946646d06c884a3c4,DEVA
0xf4b8ef7f8eb607c61300f4da3fcfd5112144c6b4,CHICO
0xf425aad63c79480f149e232ca902ffb06f60f937,iSWAP
0xd61b1c4ac1cca16862ac56860853ff03265e3b96,FUKU1
0xf672ab5be8c1cce26c39b5bca9911fdc80d6c466,Jonah
0xd61e1cafd50e570356dd5f6d679a7bd0535a7fcf,XRP 2.0
0xe8df5b93a79d9f137c737795917ece116a47784e,PUTIN
0xd625097ed89a043e7d75a7cd76bf85c52f78a59b,DOGE2024
0xf9ca9523e5b5a42c3018c62b084db8543478c400,LAKE
0xdc90b2079f139ab14d98389dcfd044e360838eab,deer
0xed1167b6dc64e8a366db86f2e952a482d0981ebd,LBR
0xff1dd85ebec1d8423a30df6e036d359705dd9096,FUKU
0xcaca51662cc52197ed0869c45332bfb6466822c0,Poop
0xf211b655431c10e72c1caeae37688ae9f7f7a549,MAGA
0x0c5cb676e38d6973837b9496f6524835208145a2,KABO
0x80aa87b47da26b2dba301708046fe467575fc355,GREMLY
0xb80ed2a7f7e27bd73d1050a3128d7ae8dff70d2f,NIKKEI
0x32a7c02e79c4ea1008dd6564b35f131428673c41,CRU
0xb11176581535022844a8797c0111d808cc7917f3,BILLY
0x66686a29d3dba55e6c2afce44c961dd2b87af79a,DorkLord
0x314c4bd159949ed8f7bb02609a050abc138129b9,SAVING AM...
0x3ac29bc58782ddb6601e26d363b57382eda945e0,SIGMA
0x4f4a556361b8b4869f97b8709ff47c1b057ea13b,TRUMP
0x01f40d471357f5f5363f41226b413387ed7ea9b5,$TSUTSUJI
0x5b46ecb7615567ff7e4354ee1fbf7b53c4f304f4,FUKU2
0x88ce174c655b6d11210a069b2c106632dabdb068,YAWN
0x52498f8d9791736f1d6398fe95ba3bd868114d10,NETVR
0x6988a804c74fd04f37da1ea4781cea68c9c00f86,TRIBL
0x0a638f07acc6969abf392bb009f216d22adea36d,BKN
0x5d674ba3a466143d7a99457616ae132838f10f1d,SHIRO
0x58d88fb59c7915ff9936ee38f17a0c01d91a10ae,MDGA
0x62b075043b425bc4dea910a40dccc9908c1a3439,BINGUS
0x2efcbac5fd635a4af8c6c87c8fb506f07dea6fdc,BFUKU
0x6c3ea9036406852006290770bedfcaba0e23a0e8,PYUSD
0x9371521af60d605b897f988e3fadb98d80b6203b,LOAFCAT
0x69420de2e3fa99a1a23411ace4bf4f3e13e353e1,CATDOG
0x9e9fbde7c7a83c43913bddc8779158f1368f0413,PANDORA
0x00021e88e327e70a9ab660fff656111b8467b00c,21e8
0x037a54aab062628c9bbae1fdb1583c195585fe41,LCX
0x02a2b623bb4230424a2c11c534205f17a9df84c9,CFH
0x8d65a2eabde4b31cbd7e43f27e47559d1ccec86c,XEON
0x0cec1a9154ff802e7934fc916ed7ca50bde6844e,POOL
0xabb420d4220a82b4d09ab4641006fa4e8c1cb776,REMUS
0x322884d30b96220e4439a7fd7a0f0694014d2b51,WR
0x1001ad0413a817302441ddba1db955c757415b56,KABOSU
0xb21c1d75e0dea3ca9519139e0eed94b00dfbb495,SPACEWALK
0x000000e053c053ab9c5a5505a6401dcda68adb96,0
0x3cb48aeb3d1abadc23d2d8a6894b3a68338381c2,PALAI
0x40fd72257597aa14c7231a7b1aaa29fce868f677,XOR
0x285db79fa7e0e89e822786f48a7c98c6c1dc1c7d,MIC
0x1a4b46696b2bb4794eb3d4c26f1c55f9170fa4c5,BIT
0xbccf29e2010bf95585ed3386533ccd9d8732a201,SAKURA
0x3446dd70b2d52a6bf4a5a192d9b0a161295ab7f9,SUDO
0x187df9748016da82578c83a61c3b3093ac6b8669,KRAZY
0xb53ecf1345cabee6ea1a65100ebb153cebcac40f,O
0x95ad637ba9437177b79837277d81ad15c5d44616,NIHON
0xb1f1ee126e9c96231cc3d3fad7c08b4cf873b1f1,BIFI
0x4b9278b94a1112cad404048903b8d343a810b07e,HIFI
0x45b5ef98d8035ac4ba22f605386e0c3bfd57bac9,RAPTOR
0x2156cd781c5e77323d92a4487a0ec45f128e165e,BL00P
0x0bc529c00c6401aef6d220be8c6ea1667f6ad93e,YFI
0x8ccd897ca6160ed76755383b201c1948394328c7,wBAI
0xb2dd490c0bdadb6f2e02fcecf0f690c62b2d073f,JOTCHUA
0x56677bbbeeccc743e08bd7f9ae58911ecb1c6958,NASDAQ
0x8a2279d4a90b6fe1c4b30fa660cc9f926797baa2,CHR
0x9af2212af21c636633ddad3e87baf206ea36d370,Umeme
0x3b484b82567a09e2588a13d54d032153f0c0aee0,SOS
0x5de8ab7e27f6e7a1fff3e5b337584aa43961beef,SDEX
0x069f01cdd1e32d7bab5fc81527df191835136c9d,APUGURL
0x7d55d78add57183d33a86596eff022b58a6a242a,michi
0xa6ec49e06c25f63292bac1abc1896451a0f4cfb7,CSCS
0x38547d918b9645f2d94336b6b61aeb08053e142c,USC
0x6f86adc9e6848ce424342f96333f5f13a6074de6,HENLO
0x7b511c855d21c9f2843110e215879ac11a0a8d9e,Solayer
0x9ab7bb7fdc60f4357ecfef43986818a2a3569c62,GOG
0xb6ca7399b4f9ca56fc27cbff44f4d2e4eef1fc81,MUSE
0x5732046a883704404f284ce41ffadd5b007fd668,BLZ
0x1ceb5cb57c4d4e2b2433641b95dd330a33185a44,KP3R
0x4e15361fd6b4bb609fa63c81a2be19d873717870,FTM
0x5fd7fa059c3f8a3ca2e1411dba729cb6172bf681,HMSTR
0x4466ce2b0a25b68c241d881b9be10c700bd21bfe,BORIS
0x7c6ca4cd275124cd6868264d5757b9322833dcc3,BABY
0x2f13e6c62e767f1ba7111aac7874ff4f1dd87509,KOTAROU
0xa0246c9032bc3a600820415ae600c6388619a14d,FARM
0x586a7cfe21e55ec0e24f0bfb118f77fe4ca87bab,CRYPTO
0x1c51fc623d534d51aaa9e67516da5ff27c6435d4,HACHI
0x4999f3b31f7a1a50ddae670c6c1176b1cf7405b4,SKIBIDI
0xa737648b92d0e184b21ad49c834c4543a944447c,GILBERT
0x08c32b0726c5684024ea6e141c50ade9690bbdcc,STOS
0x7d225c4cc612e61d26523b099b0718d03152edef,FORK
0x7559625394b055555c938bcfa038c26e0e2c8e5e,TOMIKO
0xc00e94cb662c3520282e6f5717214004a7f26888,COMP
0x57274697d3752ac113a53d91dc284e20c0c71cc1,POPCAT
0x50f5fbb7697e7b975a1ab71875d52843afcc8cd2,$SAVEAMER...
0xa9b0926df8beea9751455e81913861c27376bf36,BUDDY
0x91221a69a30c84a4f89c66a3475e36368de6131f,HARRIS
0x71ab77b7dbb4fa7e017bc15090b2163221420282,HIGH
0x9cb469e9910e60231121e29e2a32312a13eecbe2,ORIEN
0xa71261c2b51cb8030700f5601ca597c522dc232e,SAGE
0x065950769eba32daa3503dd28c28c1141bcd54c4,NTC
0x25d01b5b39e58843291586a5d8afddf744bdeb13,MAGA
0x8e94cbfc24d32b14d23c87071f156e56781b8ee8,USA
0x79ef946d616138675ac8392468820dbf978a3895,FKN
0x6d3f7af0ba8003a2de0335bccd957921380b2d9e,LIMON
0x1bfce574deff725a3f483c334b790e25c8fa9779,CETI
0x26f45c6d6bfdd89d37a8856838c2141348334e0f,MASYA
0x6968676661ac9851c38907bdfcc22d5dd77b564d,BOYSCLUB
0xa444ec96ee01bb219a44b285de47bf33c3447ad5,LEOX
0x45479ba1b8b617fcb4df1375135f330536088102,NEILO
0x1f573d6fb3f13d689ff844b4ce37794d79a7ff1c,BNT
0x5a2fd010d0412d1513b84c5aea61a23cdd90e037,MCI
0x9909e6b9b8c05636617763e5bb78c75e0ec45a85,KERMIT
0x62e3b3c557c792c4a70765b3cdb5b56b1879f82d,FOX
0x5acd02940d2e56d9402b8d224e56bd800c544466,صباح الفر...
0x20561172f791f915323241e885b4f7d5187c36e1,CAL
0x12bb890508c125661e03b09ec06e404bc9289040,RACA
0x61faf3eabf58d46f4b23cfe5f0393d824ebb1f00,MIND
0x328a268b191ef593b72498a9e8a481c086eb21be,MZERO
0x6666fabe117c637d1bb2472ab0f23dfa4abfe712,GIKO
0x15e6e0d4ebeac120f9a97e71faa6a0235b85ed12,SAVM
0x917cee801a67f933f2e6b33fc0cd1ed2d5909d88,weETHs
0x02020595e6a34a03a8e9c1f5624b1b7713810083,SPCT
0x0120c69bac4b14020bee2f11bad5e3c0b8d8d318,HPLT
0xa562912e1328eea987e04c2650efb5703757850c,DROPS
0x355c46eebbcbe1fc2844ade63ee565204addd37c,URANUS
0xb72e76ccf005313868db7b48070901a44629da98,SQGROW
0xa9049425b938c46ac3e312d4cdaeccb26282aeb2,WIK
0x033f71337c5911fa0ad9ec8b9fbe0288c5bfc10d,TONY
0x694209b7612a6219eac9446d5718fe23599a991b,SMIDGE
0x64babea366d476e844876d79f910bcc17d802ccb,BHOPPY
0x4206921bf8b68dd28282206a5c1486c359df46c9,STEVE
0xa2b4c0af19cc16a6cfacce81f192b024d625817d,KISHU
0x08a1c30bbb26425c1031ee9e43fa0b9960742539,LNDX
0x069e4aa272d17d9625aa3b6f863c7ef6cfb96713,BULEI
0x3c1f06d5e378910d636fffa4a4ca74d2d5d3627c,YAMABE
0xb794ad95317f75c44090f64955954c3849315ffe,RIBBIT
0xb299751b088336e165da313c33e3195b8c6663a6,STAR
0x6abaf438f098f75c5892e1fabf08b1896c805967,BLOOD
0x241dfde55b5e54b4a73fe2c2fd24fab0447c1f72,AMI
0x52f516f1cd7956759062779dc69a9faeeed3431a,GOO
0x8b3f28ffe4b34215d425c5deb74e57f9a4bfd36a,FakuHachi...
0x7afd0d633e0a2b1db97506d97cadc880c894eca9,MARU
0x7d5121505149065b562c789a0145ed750e6e8cdd,VR
0x9829efb4579be8344637d349e25a8e005d247f3c,PINK
0x69552e3fd4ab929874dd5dd6a38a759ad1ea7bb9,ROME
0x04c293144acc45a19da9c2817c08d1352e5be70e,MUGI
0x4661a4e854663c41eadbb413afc4f47e5aa04460,BABYFUKU
0x15ee3f09712f4715904e1923c1ad504a673e88ac,NINU
0x69f00df7acbcfbc9e41a2f9f9d5a5e6e8c29b81a,SYMBIOTIC
0x69457a1c9ec492419344da01daf0df0e0369d5d0,FJO
0x8a2e77d2256441fcc605aa923673900abfe44e34,BABYNEIRO
0xa1d0e215a23d7030842fc67ce582a6afa3ccab83,YFII
0x663474660053d40031a46e39424ed8f9b33c6172,KOKUN
0x5faa989af96af85384b8a938c2ede4a7378d9875,GAL
0x2fb652314c3d850e9049057bbe9813f1eee882d3,RVF
0xa117000000f279d81a1d3cc75430faa017fa5a2e,ANT
0x9506d37f70eb4c3d79c398d326c871abbf10521d,MLT
0x120a3879da835a5af037bb2d1456bebd6b54d4ba,RVST
0x39142c18b6db2a8a41b7018f49e1478837560cad,STATS
0xaeedc5390a8027c93d2b1819badc06c84c78e274,福犬
0x9999999840065a79d3a20575450eaa57b6a515fc,BALLTZE
0x9be776559fed779cabd67042a7b8987aae592541,BULL
0x281d0bbc59f96cbfab4ebe590c05a4d06b494ad6,TF47
0xbf002f670fdcb2a21bc6a2a2d78e9e975abd8ff2,UNIPEG
0x07e0edf8ce600fb51d44f51e3348d77d67f298ae,XRP
0xb843ce5f8c8a3d0d72e089194f5d9f9df0df74e5,PEEZY
0x52e6654aee5d59e13ae30b48f8f5dbeb97f708cd,TSUJI
0x1de27abdce9bd761672e7928f094906efa1581b1,SASHA
0x6fb527240bfa6cb4c575bffd3379bca1b7fa0162,wNEIRO
0x6930450a416252c7206fbce76c01ecc850a36cb9,SHEB
0x69240dafa7686ed9a641b065a7638ccd84fbd159,TRUMPE
0x7fc66500c84a76ad7e9c93437bfc5ac33e2ddae9,AAVE
0x6b1a8f210ec6b7b6643cea3583fb0c079f367898,BXX
0x45369ade04a8f4b8d9caf0c089285719fba99d62,POLARIS
0x186ef81fd8e77eec8bffc3039e7ec41d5fc0b457,INSP
0xb64ef51c888972c908cfacf59b47c1afbc0ab8ac,STORJ
0x11178eb1b85ccd5d10e583ebe3399958e9b58c9f,NEIRO2.0
0x7453f1e591d185da7748e637107cbb2cd5a3a6d3,PEDO
0x419c4db4b9e25d6db2ad9691ccb832c8d9fda05e,DRGN
0x764a726d9ced0433a8d7643335919deb03a9a935,POKT
0x6135177a17e02658df99a07a2841464deb5b8589,FEARNOT
0x03049b395147713ae53c0617093675b4b86dde78,PSPS
0x31e801d3787a036413fe1b3149f056f5021c6ca0,CLUB
0xb7b8d8fd4eb1ec0d363e52d94541f130e4e5bd3a,SSSFFS
0x62d7307df1c7e7d8850b9f49fed7f18670dcb902,AGURI
0x4c45bbec2ff7810ef4a77ad7bd4757c446fe4155,JNGL
0x580e933d90091b9ce380740e3a4a39c67eb85b4c,GSWIFT
0x18a8d75f70eaead79b5a55903d036ce337f623a5,SIGMA
0xa7f0c9e21dee78b4c99c78dbeda53724eb6af062,ONIGIRI
0x80034f803afb1c6864e3ca481ef1362c54d094b9,NPI
0x9128770751a6d810a1f63752570257a775606de6,BOD
0x49642110b712c1fd7261bc074105e9e44676c68f,DINO
0x7ddc52c4de30e94be3a6a0a2b259b2850f421989,GMT
0x86b69f38bea3e02f68ff88534bc61ec60e772b19,TRUMP
0x9b8e204218b6a653fbabe94f3432d58064299213,WWW
0x2653891204f463fb2a2f4f412564b19e955166ae,NGL
0x90d4fbe33c44d1acac0503dd4d60230399a66cfd,&#128...
0x9e566e28c61690f8afe0468f523e137b1ff29f01,GNCAT
0x5cfbb606c1591c9e726fa4221844e00db1c671ca,$DONJR
0x319bcf115e35c18035bf1a405fe3c40c8b24533e,STARSHIP
0x0bb538e3e9ebeb4d28d49ccc87ebcbe870cf3139,Fuku
0x562e362876c8aee4744fc2c6aac8394c312d215d,OPTIMUS
0x60f67e1015b3f069dd4358a78c38f83fe3a667a9,ROUTE
0x5e5a05d493bd085f8a3500fa68253eaa46ed04c6,CFH
0x443459d45c30a03f90037d011cbe22e2183d3b12,TYPE
0x94aad11f1e7ca2361156d6b0476a3b29b1836275,CHIB
0x0111af71c0af1445852b22b73220e4f8819e731d,FATTY
0x271def9842a565e3a6c1b60dc96d93770a27620f,SANIC
0xa2cd3d43c775978a96bdbf12d733d5a1ed94fb18,XCN
0x036788bcb2b5195edaa40713fe7246941a7eaf57,GNOME
0x65c4c0517025ec0843c9146af266a2c5a2d148a2,ETH2X
0x8f1cece048cade6b8a05dfa2f90ee4025f4f2662,GFOX
0x3e5a19c91266ad8ce2477b91585d1856b84062df,A8
0x07d6314c479f79f4e364cf966e7c2bf4012cb22d,FCKU
0x4d2f5b2d5053bb655ca154923bf98aa353e6f38a,RTR
0xb60acd2057067dc9ed8c083f5aa227a244044fd6,stTAO
0x039d4f77dd7ae619e09143cb225f2ac47198e774,HAWKTUAH
0x880226cbcce551eeafd18c9a9e883c85811b82fc,TRUMP2024
0xa3ea79ffcfa894a4ff52dcfe0ec367ffb7a380aa,CHIP
0x04bcfaa5a69bcd15be3092befbd96abc87194a57,BOOST
0x9c7d4fb43919def524c1a9d92fe836169eaf0615,Wolf
0x226bb599a12c826476e3a771454697ea52e9e220,PRO
0x509a38b7a1cc0dcd83aa9d06214663d9ec7c7f4a,BST
0x2598c30330d5771ae9f983979209486ae26de875,AI
0x2ba592f78db6436527729929aaf6c908497cb200,CREAM
0x13e4b8cffe704d3de6f19e52b201d92c21ec18bd,PAI
0x0774527307e5aeb7cb338454169b534ace43adab,MilkyWay
0xade00c28244d5ce17d72e40330b1c318cd12b7c3,ADX
0x40d1256e1c6190dab43439620e128f9239c838e3,KOTETSU
0x9727eaf447203be268e5d471b6503bf47a71ea72,ARKY
0x503b5a92e0f24be60402ff6ae2dbff745607b346,ROBOT
0x39fbbabf11738317a448031930706cd3e612e1b9,WXRP
0x6096b8765eb48cd2193f840a977f3727e7800356,CRAB
0x8711de66dd00c780920ef429d024216df17329d9,&#128...
0x444d8c5cf62ebc5f1f05d78fdb7148ccd00583b5,DBAR
0x0f96e41cc884d7a3ca59d83e0ad904d53c969884,MIF
0x427a03fb96d9a94a6727fbcfbba143444090dd64,PIXL
0x6e5bb18fb1efc69c901e4441353220763fa24d6f,FUKU
0x0ad38282fa4d52f0dfefabc6ad1b29819c3fc98b,SMALLS
0x6468e79a80c0eab0f9a2b574c8d5bc374af59414,eXRD
0xb5d730d442e1d5b119fb4e5c843c48a64202ef92,SABAI
0x5ac34c53a04b9aaa0bf047e7291fb4e8a48f2a18,NAI
0xa62cc35625b0c8dc1faea39d33625bb4c15bd71c,STMX
0x58dc19143e23e3cea6420ab39155eb79721c1a1e,RTR
0x45e83faf7b6260b895f91155780c97860636642c,DonaldTru...
0xb39a0dae3c2afd1f3c55ad47d1c7a0bb6c1ca260,UNREAL
0x6f222e04f6c53cc688ffb0abe7206aac66a8ff98,ROKO
0x30440926207378e79e9793c2e674180b6516a164,MILADY
0xa8c8cfb141a3bb59fea1e2ea6b79b5ecbcd7b6ca,NOIA
0x1221c9a382a374e2ea71d957e5b1a91fb08739fe,SSE
0x6c5ba91642f10282b576d91922ae6448c9d52f4e,PHA
0xa426660830ed887a25c1c6158ca348038e1a37cb,CTO
0x9992ec3cf6a55b00978cddf2b27bc6882d88d1ec,POLY
0x37b0d17f66246b576560bd99ad1f4864a5991e67,DOGEDAY
0x9609b540e5dedddb147abbf9812ade06b1e61b2c,MICKEY
0x2a79324c19ef2b89ea98b23bc669b7e7c9f8a517,WAXP
0xb4de07a6467a18e512ae174f393ec776d01d806c,Gyatt
0x6900f04227afa2add991321cab934b4b9d6c2c2d,PEPE
0x00380d12a12acf6f47481e8ca8be777931395200,REPUBLICAN
0x8c024cd50a94978537bde537a1fa25ad89444222,PC
0x26c1a2c525b8d6a8ca1eae6143567a779bebe962,ROBOTAXI
0x9e19bc472925df6715fcc9fe9d0ce6b82b90d643,FUKUSHIMA
0xa71d0588eaf47f12b13cf8ec750430d21df04974,QOM
0x6969e5cfe7578ac5f06d313c1a25578927a5bbc9,MORTI
0x482702745260ffd69fc19943f70cffe2cacd70e9,$Jenner
0x858c1d626a18274b8306ab2946151d4bc3c1a2c9,FINE
0x8e3f2543f946a955076c137700ead4c9439e7fca,KAMALA
0x4b1d0b9f081468d780ca1d5d79132b64301085d1,LMR
0x069d89974f4edabde69450f9cf5cf7d8cbd2568d,BVM
0xbc4dafbaa80ccb1acb39a065b17a9085f09e04e8,GARFIELD
0x1c9922314ed1415c95b9fd453c3818fd41867d0b,TOWER
0x483401b9ba95928a86280fedb493b98533f27774,KURO
0x69af81e73a73b40adf4f3d4223cd9b1ece623074,MASK
0x85f138bfee4ef8e540890cfb48f620571d67eda3,Wormhole
0x7722c39dad55fb79e135500b93a4b785f41f5633,CHAJING
0x420fbb6006fb251318414ffa530590c3d7618e33,ICELAND
0x3ee4b152824b657644c7a9b50694787e80eb8f4a,BAZED
0x44709a920fccf795fbc57baa433cc3dd53c44dbe,RADAR
0x007fb04d74ad455c7ff6b2a9c5f04b7b09915ac6,KORAT
0xa8b919680258d369114910511cc87595aec0be6d,LYXe
0x5fb8f7bf917e83e43b28507d44236a7c5f00dedc,KEDI
0x3b21418081528845a6df4e970bd2185545b712ba,CHI
0x5a12975bf0158c9c3b23622f44917d113f31842d,KOMA
0x66c115fa646fe703242cfcfacd01ca7de51c0496,halfin
0x75b33d85ae6494b5085643513709e81b43a0fbc1,ONI
0x023b7ffd5602d839869f4d968ecc7b1d8238a7ff,BOBA
0x784d50f47ec4b5e8eb9ac0084bd1ade27025bcb1,CHICO
0xbec771d15f7e67bc0bb4571c7eb409228cc6fef9,BRAI
0x3914bdb4130306f80f5d8ee099c180442d19680d,DEPLOY
0x05dd644733feee656aba6a8cae4ab4be73c21a97,DTH
0x2c0687215aca7f5e2792d956e170325e92a02aca,ESS
0xabe3503e66147f4aa6fbd02cd48b7cb4ffeb9dee,NFTY
0x670737204304a1f02363104223538441bcea4936,SIR
0xaab8384956ec2ced86bbdeb8e263145c95890253,DJIA
0x8687e807e4975f00aaf893384b0d14765993747e,OWAOWA
0x4b3afbb89b0ff2784f605ca00cf2bd9410ec349e,AI
0x393bf304dd474f48210f5ce741f19a2a851703ca,BALL
0x614577036f0a024dbc1c88ba616b394dd65d105a,GNUS
0xb528edbef013aff855ac3c50b381f253af13b997,AEVO
0x694200465963898a9fef06a5b778d9e65721685c,GECKY
0xaaaebe6fe48e54f431b0c390cfaf0b017d09d42d,CEL
0x1776b223ff636d0d76adf2290821f176421dd889,America
0x306fd3e7b169aa4ee19412323e1a5995b8c1a1f4,FTW
0x1ec07d94407c20356825a9c1017248dcd7d31a61,EVERYTHING
0x35e78b3982e87ecfd5b3f3265b601c046cdbe232,XAI
0x33f0699a21dddbe7d381ccff1a9d8f2113af4c7c,EAGLE
0x808507121b80c02388fad14726482e061b8da827,PENDLE
0x5aef5bba19e6a1644805bd4f5c93c8557b87c62c,FakeAI
0x3e985250cb137fc1ff55922116934c5982d29f85,ZENT
0x08e96f308eb008b3db68640aba6b06078625f8cd,Vine
0x5031816e3c7aca1b3acd066963e581e16980d34b,CHOOM
0x10010145d867c3bf7754f06915bcb3cfa575ce33,BABYFUKU
0x04c17b9d3b29a78f7bd062a57cf44fc633e71f85,IMPT
0xabd0e3535ecfbf6959b1798220335faf1b7ada3a,PREAI
0x943af2ece93118b973c95c2f698ee9d15002e604,DUEL
0x3f66ae0c8e9fb57f661af4ba8c8445d36ec5d7f7,CRAI
0x5d915bd7fc3c6469e3fa20e2e245a0620cf8e157,Pesto
0x00364c6d90727d415225f863b98500729ee2ed2e,MEGAX
0x69420ef35466fb606e4f38b6ecadfff85ba440a5,MARVIN
0xb10cb07ca2cdac77fbb5707f6690301f9d036f45,WIN
0x01469617b776b05344382412173e3bc25356397c,PEPE6900
0x8bd35250918ed056304fa8641e083be2c42308bb,Estee
0x24da31e7bb182cb2cabfef1d88db19c2ae1f5572,SHIK
0x9e20461bc2c4c980f62f1b279d71734207a6a356,OMNI
0x55a8f6c6b3aa58ad6d1f26f6afeded78f32e19f4,AEGIS
0x1a2eb478fa07125c9935a77b3c03a82470801e30,AMO
0x574d22e2555cac0ce71e44778f6de2e7487ae229,SOON
0x2077d81d0c5258230d5a195233941547cb5f0989,TROG
0x7f3a0530c771d74173b031db990c3834b40b8a3b,VOTE
0x274d181267ff7607e1ebc86fa13b737509072ae2,WWFWW
0x430ef9263e76dae63c84292c3409d61c598e9682,PYR
0x2a5fa016ffb20c70e2ef36058c08547f344677aa,$VSG
0x410930009ab2b01984f105bb857b3a4c5d9ffc76,TOSA
0x4243d18063a9185f96263ec32a0f32eb8becedc1,ROBOTAXI
0x3d658390460295fb963f54dc0899cfb1c30776df,Coval
0x9aab071b4129b083b01cb5a0cb513ce7eca26fa5,HUNT
0xbe74546bed5082f721890a63913d1ea6addc072b,FUCKU
0x7d765e9971e758456dc7a83bef698190f3483566,KKUN
0x3bb1be077f3f96722ae92ec985ab37fd0a0c4c51,MARV
0x4e3fbd56cd56c3e72c1403e103b45db9da5b9d2b,CVX
0x367fe0dd11b8755230d6fb459cc3f8b47ccc302c,Legend
0x6d68015171eaa7af9a5a0a103664cf1e506ff699,TUZKI
0xa5f2211b9b8170f694421f2046281775e8468044,THOR
0x560363bda52bc6a44ca6c8c9b4a5fadbda32fa60,SFUND
0x35fa164735182de50811e8e2e824cfb9b6118ac2,eETH
0x4385328cc4d643ca98dfea734360c0f596c83449,TOMI
0x10a76004162e43b0dd07ae8f2bb297acad21e8ce,MUTTLEY
0x258d7a3f50b03a9f75263733fc0c2a155cf512b4,RICHPEPE
0x6be090541a7d7ee307e41a16dc9ebe8338c196aa,PUTIN
0x8457ca5040ad67fdebbcc8edce889a335bc0fbfb,ALT
0x4229725d41e2233d75b47675b55c6781df0b56a7,wCADAI
0x6846dab7a849ec172d93b42879eb767451814f53,SCF
0x0f6d4d4643a514132f84f4a270946db3c7cb701c,LOVELY
0x738865301a9b7dd80dc3666dd48cf034ec42bdda,AGRS
0x669f248381dc64f6f34234a376caaf88a959e8fa,EBULL
0x6940914b5d38610aa55d676e8124900caacc1ddd,VITALIK
0x16a3543fa6b32cac3b0a755f64a729e84f89a75c,TENSOR
0x399ac2a62f3537cec6f1624850323d9dc27e5115,TCASH
0x9e5bd9d9fad182ff0a93ba8085b664bcab00fa68,DINGER
0x090185f2135308bad17527004364ebcc2d37e5f6,SPELL
0x59f4f336bf3d0c49dbfba4a74ebd2a6ace40539a,CAT
0x922d8563631b03c2c4cf817f4d18f6883aba0109,LOCK
0xa1b4aee699ee51197709747118ecaa5bd0f93e21,FUKU
0x817bbdbc3e8a1204f3691d14bb44992841e3db35,CUDOS
0x989fa855ce126275bc269e0ec8f04a57b4af02b4,XBLAZE
0x740a5ac14d0096c81d331adc1611cf2fd28ae317,PLEB
0xa0dd6dd7775e93eb842db0aa142c9c581031ed3b,MND
0x27c70cd1946795b66be9d954418546998b546634,LEASH
0x0b256e78aee96375f971eb227c3ffa635260aea7,JIBAB
0x8b3bbecdf48002ab2a0fd2894459d8d0737578b2,SZABO
0x073a3b3e890a3aaeb061e50e92fffdd31197870b,JEFFRY
0x7d4239c5bf32b62b72ec71faa8b68f2c9b0417cf,C341
0x0223e4d18e9b54cd77a439a931d81787c340a456,G4XAI
0x9fb136aa6dc9254f9974e59b48dde045ba9b36be,ANUJAI
0x8521c1b129e6d0f0dfb8436bcecad599cc2c60f2,APAC
0x10872b118c1d5abadfe7cdffe15fe6ef4b877e52,X FREE SP...
0x6af53c6ec427525f7240e211941223288a0e7c66,WARPED
0x993864e43caa7f7f12953ad6feb1d1ca635b875f,SDAO
0x22514ffb0d7232a56f0c24090e7b68f179faa940,QORPO
0xaee9ba9ce49fe810417a36408e34d9962b653e78,SNIBBU
0x64bc2ca1be492be7185faa2c8835d9b824c8a194,BIGTIME
0x3540abe4f288b280a0740ad5121aec337c404d15,TPRO
0xa19f5264f7d7be11c451c093d8f92592820bea86,BYTES
0x581d764279c8e93d6eb403b4cf7ea1fce2f06fd9,Starlink
0x111116e03666fb79f1ef1e2bda1d7ddc7b33137c,SNIBBU
0x557b933a7c2c45672b610f8954a3deb39a51a8ca,REVV
0x8b9b95292f890df47fff5ac9cbe93d5fc242bd51,BEFI
0x69420f9ae8e702e9128893519b67d0dff259ec69,SPEPE
0x3301ee63fb29f863f2333bd4466acb46cd8323e6,AKITA
0x1888847b50bc1833e268348896dee58701fc06a9,PIZZA
0xb49cc981ae870b0b92cd25b21f0a198ae086d401,HALFIN
0x20485641350a3ca182d84199b7b3f679f03703bf,Musk Hotel
0x4ade2b180f65ed752b6f1296d0418ad21eb578c0,KEK
0x1f19d846d99a0e75581913b64510fe0e18bbc31f,FGM
0x83f20f44975d03b1b09e64809b757c47f942beea,sDAI
0x3b37a9caf74ead14e521d46af0bf00737d827828,HOPE
0x33abe795f9c1b6136608c36db211bd7590f5fdae,WOLF
0x05ee1e1dbc8caa3c84736cc05d9df84a15f50ffb,NCN
0x766d2fcece1e3eef32aae8711ab886ee95fd5b2a,MVP
0x53229609f907be495704fca99ad0835c5f3abd3a,RINTARO
0x33aed135bef0e30f554d3561de48417e06d23fc0,TSUJI
0x54b44c497f620bf46eb5c3e599980f574b8f8820,SCHIZO
0x0000000000095413afc295d19edeb1ad7b71c952,LON
0xa0084063ea01d5f09e56ef3ff6232a9e18b0bacd,CYDX
0x14db6278e7904a9207c8fadc60c67bfdcb606ec6,Qwant
0x10071e881b7aa2b232ba131bb7741600d7bd50c3,GARGOYLE
0x9dfad1b7102d46b1b197b90095b5c4e9f5845bba,BOTTO
0x4bbdd47c341ce3f5478779ffa9cea4f78b9de9ed,AOBA
0x8917665d370c2647f439df6f839a182da54757f8,TROLLS
0x8f1db84e205ba8800fb569a86371ea85f9f0535e,GROK2
0x4c11249814f11b9346808179cf06e71ac328c1b5,ORAI
0x1b54a6fa1360bd71a0f28f77a1d6fba215d498c3,CASINU
0x043ed7ac7ec466262dafb42a4bc5df4fb53d5550,SPC500
0xabed658cc696bde49e92d088195a802f46677609,BOUNCYPORK
0x25931894a86d47441213199621f1f2994e1c39aa,CGPT
0x2224f1ef81a6ffe11c4f2c754f16e46076d66ecb,Martians
0x69420b83b6189f954268f1167ca7c7f3b21711d2,RATDOG
0x3fbabe48e137c9ef4f8cb517a4762add7e6242ae,BABYPEIPEI
0x283344eea472f0fe04d6f722595a2fffefe1901a,CODE
0x7f792db54b0e580cdc755178443f0430cf799aca,VOLT
0x582dd5e7c8af79d45a96de4af5d1152a061abb50,RIZZ
0x54e79176f0c2264fa278d7970f860e3302fa342a,MOOWAN
0x08d967bb0134f2d07f7cfb6e246680c53927dd30,MATH
0x88b9f5c66342ebaf661b3e2836b807c8cb1b3195,NOBL
0xadf7c35560035944e805d98ff17d58cde2449389,SPEC
0x3845badade8e6dff049820680d1f14bd3903a5d0,SAND
0x5510e5dd54a9ddb727526c1ef24f2aab6d2f0b3b,MEW
0xa84343acd97af8a3c0fbb92c0c87cb76301a7a4d,RTR
0x6e5970dbd6fc7eb1f29c6d2edf2bc4c36124c0c1,TRADE
0x1e0530ec61bf54a20aa94eca7062d19a904f47ca,DEEBO
0x6df0e641fc9847c0c6fde39be6253045440c14d3,DINERO
0x17f431dec1158372a629e84218126989b1d7df5d,FSD
0x20b075fcab8cbb8e84f702e9298a325490d159eb,RTR
0xa60f5fc54b5937aaf9a00d7d2248a2877a1aec7d,ROSS
0x2ad9addd0d97ec3cdba27f92bf6077893b76ab0b,PLANET
0x5be505afa2511e63c65b549f6c8fa0967fcf6ca0,KAGURA
0xba279fee2b9390dbd084cda2a133087300ac40ca,TSUJI
0x823556202e86763853b40e9cde725f412e294689,ASTO
0x08e303d55f7656838dc6ea2478bd22b5e6692043,Snowball
0x80f0c1c49891dcfdd40b6e0f960f84e6042bcb6f,DXN
0x0000e3705d8735ee724a76f3440c0a7ea721ed00,SAITAMA
0x24249b5a869a445c9b0ce269a08d73c618df9d21,ETHEREUM
0x97471a6d4d562a1f82a226bbc5884df8955b5427,GODCAT
0x31e4efe290973ebe91b3a875a7994f650942d28f,SHRAP
0x008ae89bf3bc9a78dd74ec6a8aa86077145dc58d,BERA
0x4603961551c22e9fd9a0368238e71a4e9a4a4669,AZALEA
0xb69753c06bb5c366be51e73bfc0cc2e3dc07e371,POOH
0x23894dc9da6c94ecb439911caf7d337746575a72,JAM
0x43959b44b1471d86ecb221bed4d12b8e298f49af,DTF
0xbb3d7f42c58abd83616ad7c8c72473ee46df2678,CHAT
0xb1c9d42fa4ba691efe21656a7e6953d999b990c4,KANG
0x8c76f94c6cade9fb72466a150b1898be76508895,BUDDY
0x79349edd0b8e83ffaa1af2e6ba0c8ce87731c267,WCD
0x000006fd692d20d2404a334c22a404af3b2daac6,DUCKY
0x0027a4d6eb9c1ef572307cd58feddfd726fe7481,MSP
0xbaf8c2562c3465feca4ab36fffca66f881504f54,DOKU
0x63a21b0ebcf220750d22d2076971b4a7fd959ddb,RTR
0x1bad795ff28536021bc2ce526ed7d7b2f664c94e,Lunes
0x119800a925217ba9a2d656e868483a050c2f919f,ROBOTAXI
0x2de1218c31a04e1040fc5501b89e3a58793b3ddf,3AC
0x0210ed370363d05081515e3d4016452a36851e1d,BASED
0x36faa08e81619dbf52cd28092222f0d53e8ab0fa,MABA
0x0202be363b8a4820f3f4de7faf5224ff05943ab1,UFT
0x680aa974969870fac49cd148848a886f11956c66,MEOWDENG
0x95ccffae3eb8767d4a941ec43280961dde89f4de,TBANK
0x77791a1f85b8c67f17c43ba4a324f9bcd6e83113,WAGMI
0x1859ef5c77f2a27b8440d2d0083fe89d0f04a7fa,OIL
0x6a6c2ada3ce053561c2fbc3ee211f23d9b8c520a,TON
0x3595e426a7808e2482667ee4e453ef280fbb9cf4,COCAINE
0x3be7bbe6d61eda1524a904e5dde46a22afeb35e8,COCONUT
0x40d16fc0246ad3160ccc09b8d0d3a2cd28ae6c2f,GHO
0x3d3d35bb9bec23b06ca00fe472b50e7a4c692c30,VIDYA
0x74950fc112473caba58193c6bf6412a6f1e4d7d2,wVTRS
0xa1290d69c65a6fe4df752f95823fae25cb99e5a7,rsETH
0x2afa05b1c0012415be50e7eb1c0b49ec920a209c,FWIGA
0x317a07451359856d34c9f94c9b01596b12fa5305,WDOGE
0x6e2a43be0b1d33b726f0ca3b8de60b3482b8b050,ARKM
0x82a605d6d9114f4ad6d5ee461027477eeed31e34,SNSY
0xaaa9214f675316182eaa21c85f0ca99160cc3aaa,QANX
0x7dd9c5cba05e151c895fde1cf355c9a1d5da6429,GLM
0x6390ee51738652b4f22c20f0fd02275cbd5ff685,Vitalik
0xaea46a60368a7bd060eec7df8cba43b7ef41ad85,FET
0x0ab87046fbb341d058f17cbc4c1133f25a20a52f,gOHM
0x18b3236d6c6c1a79522696ee70b1c28932d8902f,PEGA
0x8e6cd950ad6ba651f6dd608dc70e5886b1aa6b24,STARL
0x7da2641000cbb407c329310c461b2cb9c70c3046,AGI
0x4704cf8d968aa0af61ed7cf8f2de0d0b31cab623,HERRIS
0x14df054d19a84a35330833c5d62da298d68ae4d3,HANABI
0x75d7fd0a0d69034c283515f8710c9e158b884f33,MEMES
0x0b38210ea11411557c13457d4da7dc6ea731b88a,API3
0x8a115eb4c8bc523a077ac32690b4fc53bdef44c7,ONIKUN
0x382ea807a61a418479318efd96f1efbc5c1f2c21,PEW
0x1bd8b963f5d9a5f6deedb81f9a214f343c31df3f,AGURI
0x0ccf34d2233e5c203b7047aa57be82eea985d128,D.O.G.E.
0x49fb8ad7578148e17c3ef0c344ce23a66ed372c4,TAOBOT
0x38f7f79110be45379d7b5d9caea5c30d110e42dc,AUNJAI
0x116eec3be6d0c7da3658ca2dc53fbe7a4989e529,RTR
0x857ffc55b1aa61a7ff847c82072790cae73cd883,EEFI
0x36e66fbbce51e4cd5bd3c62b637eb411b18949d4,OMNI
0x30d20208d987713f46dfd34ef128bb16c404d10f,SD
0x7951927a4658d248fab189372a017fbda80fc57d,FWOG
0x152649ea73beab28c5b49b26eb48f7ead6d4c898,Cake
0x07ddacf367f0d40bd68b4b80b4709a37bdc9f847,MOJO
0x870e184b7fb15a902dc9a93beb03c15a65977918,LESLIE
0x715ee7b9abd26bbc6c14a74d71aeb1ac32609262,Hada
0x4cff49d0a19ed6ff845a9122fa912abcfb1f68a6,WTK
0x7e549cc50c4888828d8898e4ab8c20b680534be9,Hachi
0x2c06ba9e7f0daccbc1f6a33ea67e85bb68fbee3a,LENDS
0x9b738be4a1320f0fc6fb63425c426bdf4a58a265,TRUTH
0x1abaea1f7c830bd89acc67ec4af516284b1bc33c,EURC
0x64a9d92693ebc193562102bbfb585ac2e790be85,ZKE
0x53f201e65240cb7d1c07439e7ec169cc8c00c8ba,MASYA
0x32b86b99441480a7e5bd3a26c124ec2373e3f015,BAD
0x09de3242ccb4ba9c94238b974964b48b8a5e474b,ONEIRO
0x40e9187078032afe1a30cfcf76e4fe3d7ab5c6c5,AIX
0x69b88ff268d60e526d05c684d36c98ae803d12c4,AguriD
0x249e38ea4102d0cf8264d3701f1a0e39c4f2dc3b,UFO
0x51cb253744189f11241becb29bedd3f1b5384fdb,DMTR
0x525574c899a7c877a11865339e57376092168258,GURU
0x8e0eef788350f40255d86dfe8d91ec0ad3a4547f,COR
0x132b96b1152bb6be197501e8220a74d3e63e4682,WUKONG
0x82d36570842fc1ac2a3b4dbe0e7c5c0e2e665090,NFNT
0x373cb10042f1f9a6a80614a9394c3d296615979e,DEGEN
0x886c869cdc619214138c87f1db0ada522b16dfa3,WIF
0xafc5f387afdd5764eb2df0d3ec90d8c91ddbdabf,JOTCHUA
0x2590e978aa7591fa7f5d0ceeb0042fdfeb7410b6,STEELERS
0x0000bdaa645097ef80f9d475f341d0d107a45b3a,BRAINLET
0x011f46ddedce223fbbb5e4fb3ced554aabf74dbf,ICE
0x33349b282065b0284d756f0577fb39c158f935e6,MPL
0x69ee720c120ec7c9c52a625c04414459b3185f23,PEEZY
0x92136516c42edbd732d2b6358ae1d3d7a5730daa,MOOTOON
0x71da932ccda723ba3ab730c976bc66daaf9c598c,MAG
0xac73f2b3139922f0a1180a7a2c2c9aec350f3f5c,SPC500
0x19491019f795189c8f6b13322e08431ca74b9af4,CHINA
0x789e29153a3c5e6598368716f8c146b5ebeff969,ASHBIE
0x02e79d42c3297cd4154a1b52b4a3b27cd75762f1,FFTP
0xbebe69ccbbc1a9a41b22be4d31b55c6ce186b192,BEBE
0x6b2e5e59d214de99bc7bc8040ec5573479984f8e,SA
0x571f6a3fbb0023b908b296bcfeed7aeb033d9dd4,LEGEND
0x7bb01360b1cb6454325653b7e61c1da1688d5134,Pochita
0x2d175322f18de78411cadecabc5fce0c2bf115a8,MAGLON
0xb7323772017b95a88e6737ea8773b910b8c120bf,RSLL2000
0x0101013d11e4320d29759f40508c61110f525211,FROG
0x898843fb909e3562c82f2b96f4e3d0693af041df,LEMON
0x653e52d4f3bbbad5e6b32bd633dcaf4783e1dc7e,AGURI
0x09675e24ca1eb06023451ac8088eca1040f47585,APES
0x95ed629b028cf6aadd1408bb988c6d1daabe4767,DORKY
0xd1e64bcc904cfdc19d0faba155a9edc69b4bcdae,PIKA
0x3b50805453023a91a8bf641e279401a0b23fa6f9,REZ
0x51028823e2f49b85edf156a26d394b79b82d9877,PACPAC
0x92f419fb7a750aed295b0ddf536276bf5a40124f,TATSU
0x91f322e0d0bd688acd511a789431a2b672a28013,FTP
0x7a65cb87f596caf31a4932f074c59c0592be77d7,ZYPTO
0x616bbb932602a9c9871e99806bdb63c9e6da9f8b,CNET
0x25f8087ead173b73d6e8b84329989a8eea16cf73,YGG
0x61df55537e6f663124306a7e177acc8cdc73a2ce,NYSE
0x1faddfdf27d3e68e64de4e6beada778922d0b69e,STEELERS
0xae6e307c3fe9e922e5674dbd7f830ed49c014c6b,CREDI
0xa3e909b9c937e929851e894113218a7ac5ff98ba,TOSHI
0x6a7eff1e2c355ad6eb91bebb5ded49257f3fed98,OPSEC
0x85f7cfe910393fb5593c65230622aa597e4223f1,NITEFEEDER
0x98e4fca32d5d3c6d089ed01997b356e85ba549e6,WIFUKU
0x2982ce33426b424a114252a1a3a10c1b67107d86,KOGEN
0x0e73041e6d66f53c3ef9e47f94c093e7cb9d199a,600519
0x57b96d4af698605563a4653d882635da59bf11af,RCH
0x64b0896aa6ec4739590e3f13014e93a678b9743b,SPX
0xa4bc2b90743294e5e6fd3321a9a131947f7785db,JEST
0x9ad204436656b71ce217297768812bb1d4ffd356,DOLPHY
0x1b5febdc13d66041d63ed5dfa5215d7e60de5d54,LIBERTY
0xbe03e60757f21f4b6fc8f16676ad9d5b1002e512,RST
0x3806ffd354012bcb752c3dec1889cafcdf89d24e,Polaris
0x1ccce478c310328292b4a8ddafd023393d25536e,JOTCHUA
0x048d07bd350ba516b84587e147284881b593eb86,SYNK
0x0b7f0e51cd1739d6c96982d55ad8fa634dd43a9c,DMT
0xacda6dd3522684ec2d25616cc7efb354211cf55a,MEGA
0x974d796e0bea47038f39c3f98b1aa2c5240b5495,EAVE
0x0bc37bea9068a86c221b8bd71ea6228260dad5a2,SPARKLET
0x1f70300bce8c2302780bd0a153ebb75b8ca7efcb,BARRON
0x1b0ef672e9e5cb0379d294de86fd038a85b90f15,SHIB2.0
0x8ee325ae3e54e83956ef2d5952d3c8bc1fa6ec27,TYRANT
0x13063bed4bebbe542005e191c459d2cfa96b98e1,IZUMI
0x28a8f1d9eb1ea5cd6cabd8ee0f33500b64b8a0f3,ripneiro
0x0e16bd2cd962fadb4a23ec961bb170ffa25208a8,HONO
0x5484581038cbf8ef33b7f6daec7a2f01f71db3c2,HARAMBEAI
0xbd838ebda6f817c2d86e436bcdeec039dadb2718,TRWA
0x1ffebf4576e4f0ec1d1055f859e575ac5fe84e14,Tsuji
0x3e8982538baeae6e37a63a8a19ed55c68723c000,STEELERS
0x8d3c0ca5d507116c03ba615d5cdd4b6e5bf112aa,CHAO
0x9d1ea51ca235f93ddc28c04a84ec0ed5fd835250,Bonn
0x80ed012ef8dcd8e3a347d9034487aebd991bfda5,GIGA
0x02e7f808990638e9e67e1f00313037ede2362361,KIBSHI
0xbd262fc49a94e8fb9998c8007cb3c21212e0f008,wDOG
0x37a98e99ea0154e086a49995f2422fa0d56f524a,AO
0x420690ef3b22dbc4b7630fed0620903f084f3757,MOONBIX
0x5f8b6827ec4c0de4787e19c30d9eda1e264a7858,CRYPT
0x4206975c6d7135ad73129476ebe2b06e42f41f50,FWOG
0x0bb217e40f8a5cb79adf04e1aab60e5abd0dfc1e,SWFTC
0x67f4c72a50f8df6487720261e188f2abe83f57d7,wPOKT
0x3b3fbb58a5fc658bbc74f963d19f6dcb1c407251,FUKU
0xaf63e783872d093292c306cbf3d6df79bdb07204,KAGURA
0x9f4ac5ea89b1623e35328904d7d61b08b55daa50,MAGOA
0xcf078da6e85389de507ceede0e3d217e457b9d49,SKAI
0x2a7e415c169ce3a580c6f374dc26f6aaad1eccfe,HACHI
0x50327c6c5a14dcade707abad2e27eb517df87ab5,TRX
0x2b640a99991dea2916205ecdc9f9c58f80017ed8,KAMALA
0x193f4a4a6ea24102f49b931deeeb931f6e32405d,TLOS
0xe0c8b298db4cffe05d1bea0bb1ba414522b33c1b,NCDT
0xd939212f16560447ed82ce46ca40a63db62419b5,MYC
0xe4042c7c1bf740b8ddb2ab43df6d9ed766b2513e,BADCAT
0xd09e2a8382a4a406d3ee83edff38900298eb416e,DOGE2
0xf65b5c5104c4fafd4b709d9d60a185eae063276c,TRU
0xec67005c4e498ec7f55e092bd1d35cbc47c91892,MLN
0xef56c5aabb25dd50f66d84534ff3c6b6d0bffb01,&#128...
0xcc9d0f21d7cc189dfec6ab7e8e9df3a5a3caf637,ROBOT
0xe9689028ede16c2fdfe3d11855d28f8e3fc452a3,BUBBLE
0xc555d625828c4527d477e595ff1dd5801b4a600e,MON
0xeb51b8dc2d43469c0f0b7365c8a18438907bdf21,SHIV
0xcbb7c0000ab88b473b1f5afd9ef808440eed33bf,cbBTC
0xcfeb09c3c5f0f78ad72166d55f9e6e9a60e96eec,VEMP
0xea9abc36149d7339f2045c67ee11fe5cadf9b9e1,HACHI
0xd2b274cfbf9534f56b59ad0fb7e645e0354f4941,XDOGE
0xec21890967a8ceb3e55a3f79dac4e90673ba3c2e,BEBE
0xf2ef245e9f475e4f132c82a3489f7a2f62eee731,HANKEY
0xf5adf74eeca8b91a4a72298ba260b14d9b6a89cd,DJT
0xfbe6f37d3db3fc939f665cfe21238c11a5447831,ETH 2.0
0xd7efb00d12c2c13131fd319336fdf952525da2af,XPR
0xd1fe8fcb3a1e3ca73c7faa68ca9e30be4fe93881,WL
0xc944e90c64b2c07662a292be6244bdf05cda44a7,GRT
0xc08779d687ec4d4444e4f8e656381f2eee8cd7b4,PEAQ
0xde94eb4ad24028eb74e7ede2e71462ee3f90dd4b,GATSBY
0xe7d33b47c3d0736d7c9de5aac7d68c5d4cd9e2b0,PEWPEW
0xc739e89cbd5225c1266bb1ead3ff814a214edbdb,TSUTSUJI
0xf327c89bf0769f0f2e99e50232557f03aad6cc17,PEIPEI
0xd3faf51cc003e81c6e5acc84e35dbb0fee803e51,D*CK
0xc15c94f460c6a01a93b8f9ba919fadcec9310f54,XAI
0xf976fc699eb81a302a29bac6590d1565e8e5da0d,RKC
0xcc0e20e5f3f780dc9d217dd92bb1e0e1d86e304a,POLYBOT
0xe624f7fc8596fdca5fdb745c570633a962c6d5f8,GATSBY
0xfa14fa6958401314851a17d6c5360ca29f74b57b,SAITO
0xc45937aab6765041fc20b0a114224efb3687c1a1,MONAD
0xcc15942528cefe08531e83e6e738c4de3634c125,FUKU
0xde4ee8057785a7e8e800db58f9784845a5c2cbd6,DEXE
0xc135a4bbf0d5005f4db3b79b84e8861d22003752,TITAN
0xc7c53760375530e5af29fded5e13989325299382,WPC
0xc8694d3935ae76dc30f38ee23a82c51f02309429,LUNES
0xc615c9e8b775a7eceb641685b7bfb28d5cb1a818,RTR
0xdd013d282067b119de0925106608d44a31b38489,LuckyPEPE...
0xfe67a4450907459c3e1fff623aa927dd4e28c67a,NEXT
0xcf1afe912bda7554e976640a4a2f3fada69fd3c8,WLT
0xf10da48d4aaa8d784c5e369cb998e263cfe32aa8,BMoney
0x8be3460a480c80728a8c4d7a5d5303c85ba7b3b9,sENA
0xdd49b3f585bf0725c333a97ef7aafe7f585e1306,&#128...
0xd28dc713773e0fa14023c68a6c787607a346df5f,GEC
0xcb361a2dd2851e366d4f1c59872977057ecc81d7,LOVE
0xc52c326331e9ce41f04484d3b5e5648158028804,ZCX
0xed2d1ef84a6a07dd49e8ca934908e9de005b7824,WICKED
0xca14007eff0db1f8135f4c25b34de49ab0d42766,STRK
0xc19f87c2b50075506c9bbf51f83f5ba6d3accdf0,KAGURA
0xe3dbc4f88eaa632ddf9708732e2832eeaa6688ab,AIUS
0xee5afa2a32173f6736ccfeac151348c70973a579,LAIKA
0xce6e54daa1ea95fb3530859d69d4bdb978dd821b,ORBK
0xe8b1e79d937c648ce1fe96e6739ddb2714058a18,GTM
0xcc3d7fbe8e08f8df516aaeccc23864eaf8e16ae4,AGURI
0xf93146edeec8ba16694fa2811972dd8a3bc2eb75,TRUMP-KUN
0xce176825afc335d9759cb4e323ee8b31891de747,CHWY
0xdc9cb148ecb70876db0abeb92f515a5e1dc9f580,GBTC
0xc31ef5e583529503c396630b2b295d4ad882f2d9,MARVIN
0xf50c00cf5c4b1571301d8d25ede615701fe90783,Wouter
0xffff894cb5c3d63ac2e021c68b21bab29fc1d154,BLIND
0xd807f7e2818db8eda0d28b5be74866338eaedb86,jim
0xf3768d6e78e65fc64b8f12ffc824452130bd5394,KEROSENE
0xd1a6616f56221a9f27eb9476867b5bdb2b2d101d,AGI
0xd7805f5170647809451b226ff6b5714012f185fc,$JUNO
0xfdd87d65164b3d9e37cd50c8cbe29948dc3a17ab,USD
0xfa2681bcd81e1d12d77111128037bb5247e48060,Hachi
0xd084944d3c05cd115c09d072b9f44ba3e0e45921,FOLD
0xc69aa0d3b6b0043a3a36ac9fa9b6c479b3a7e105,HARRIS
0xe2512a2f19f0388ad3d7a5263eaa82acd564827b,SHIDO
0xf939e0a03fb07f59a73314e73794be0e57ac1b4e,crvUSD
0xd1f2586790a5bd6da1e443441df53af6ec213d83,LEDGER
0xf8428a5a99cb452ea50b6ea70b052daa3df4934f,ZERC
0xf11121aa4c4a330c427c7a11772e3a6be418a3de,X2TG
0xe1d11f1d8662a9aed95943250d20c4c66b38140b,USPEIPEI
0xddb3422497e61e13543bea06989c0789117555c5,COTI
0xf0f9d895aca5c8678f706fb8216fa22957685a13,CULT
0xc368ed496b0bc1b32004c18df0c7bc4a2a11a3de,AGURI
0xda6f31294c27c31df15297740d6601120bb132c9,MILAN
0xd5f7838f5c461feff7fe49ea5ebaf7728bb0adfa,mETH
0xee7527841a932d2912224e20a405e1a1ff747084,SHX
0xe636f94a71ec52cc61ef21787ae351ad832347b7,CREO
0xf1c518f7f79dcbd610dbbf00d1665ed38cccb50f,&#128...
0xc52fafdc900cb92ae01e6e4f8979af7f436e2eb2,SEXY
0xe453c3409f8ad2b1fe1ed08e189634d359705a5b,DGI
0xcbfef8fdd706cde6f208460f2bf39aa9c785f05d,KINE
0xff284f2e8cce4cd2f4537d8a9369482b545908fb,NODE
0xd9016a907dc0ecfa3ca425ab20b6b785b42f2373,GMEE
0xeb7dcec7836b2d190264137ef201f3032c5c7df6,UBA
0xcee99db49fe7b6e2d3394d8df2989b564bb613db,BSR
0xcc54ac31164b5b3c39db4eef26d89275c468ec9d,FUELX
0xd7b4aa061d7f57f77b67d62a00b5ff7543f24e59,GURU
0xc785698504a70be37d0e939a4c5326f8eddd5beb,QUBY
0xc1db8690bbf9d4bf670f319ccafc8ef036e1cfcc,BITCOIN
0xc5842df170b8c8d09eb851a8d5db3dfa00669e3f,XEROAI
0xed4e879087ebd0e8a77d66870012b5e0dffd0fa4,APX
0xe9edcebd3ab4617619be8e599e9d31ed85619e16,MOOTOON
0xd699b83e43415b774b6ed4ce9999680f049af2ab,BUBSY
0xf2ec4a773ef90c58d98ea734c0ebdb538519b988,DOGE2.0
0xadd353fb2e2c563383ff3272a500f3e7134dafe4,TUNA
0xfebed0cdc2deb49477d973f75062022f8a0824d7,EZPZ
0xf1c9acdc66974dfb6decb12aa385b9cd01190e38,osETH
0xd3130c2bfacf9f6a2f2c598f93d9d73c3bfc001c,Schr&...
0xdbdb4d16eda451d0503b854cf79d55697f90c8df,ALCX
0xe0797ec1d0bb0bec541a82c5262c3b0f93f68bfe,JOKER
0xd3999188ff689b99d8097a4876f61e70b22f7881,SPURDO
0xfc10cd3895f2c66d6639ec33ae6360d6cfca7d6d,YES
0xd533a949740bb3306d119cc777fa900ba034cd52,CRV
0xe71bdfe1df69284f00ee185cf0d95d0c7680c0d4,SETH
0xc40629464351c37c1e1f47b3640ea2e7aec31ea5,HTS
0xf418588522d5dd018b425e472991e52ebbeeeeee,PUSH
0xe52896b63f0f593bcbbea792e5504fa2f48b8dbb,CL
0xd417144312dbf50465b1c641d016962017ef6240,CQT
0xff638b36cfe4447dbfd527075d06e2ccd8d9ee39,$GREEN
0xeef9f339514298c6a857efcfc1a762af84438dee,HEZ
0xf6f900151b9a482a3f26220c692fb96b6bf29adf,RTR
0xee2adc849408d3195e41ddbe159a77f353be2c57,NOGE
0xf8af4af694bf82c6bc3e34bfe37538b9ffca3bb2,Fuku2.0
0xcc7ed2ab6c3396ddbc4316d2d7c1b59ff9d2091f,HYDRA
0xf1f955016ecbcd7321c7266bccfb96c68ea5e49b,RLY
0xf2fdd9c25d7bc8002ce89716d1be484b2d976944,𝕏...
0xcf2cfe0b96a2ece970d5619a8ad28d02d73b42db,SPX
0xe6d87f8edacbc5e3b6d1da5daedbdebcc4f18c3f,DEFIANT
0xde7e34ad87bfc5d5906f334661110eb438af718b,OF
0xd0630a2d243503591c84277342baff84854b14f8,NEIRO
0xf8d893e577d3c8497c66f51d405e8574fade0e77,BFUKU
0xc03d38f89b175596859c99eab231d31e1808358c,E/ACC
0xc4c2614e694cf534d407ee49f8e44d125e4681c4,CHAIN
0xda251891e21e6edb0e6828e77621c7b98ea4e8ba,MGLS
0xed35af169af46a02ee13b9d79eb57d6d68c1749e,OMI
0xcb84d72e61e383767c4dfeb2d8ff7f4fb89abc6e,VEGA
0xd460a96231e2aa497eca601f526913654fbd4977,MANYU
0xeac4c8f6bc72c040e3f7114ef87f8fabf6ff2786,oɹıǝu
0xe2a04d528fc57dcb0bea5acb3d5d7d50b3936955,RTR
0xccccb68e1a848cbdb5b60a974e07aae143ed40c3,TOPIA
0xc0db17bc219c5ca8746c29ee47862ee3ad742f4a,SCOTTY
0xff81b2f56be73cbe27380e347ba8ac65fe45cf2c,PUG
0xee877e37617880d0e74ff2ebcbc5bf34f21a5ad9,GRANDPEPE
0xcbdddc1ed7416c24883f7b58505535b3d05a8270,MONKAT
0xdfaba95a16e7b753f1c0021a487450c25d775132,BOPO
0xdbb7a34bf10169d6d2d0d02a6cbb436cf4381bfa,ZENT
0xcefc753751c5083c680f8380f7da9848b42509f0,MARO
0xd05b214a9126ba9d4aecd77dec8bd8e84922ad84,TAO
0xe72b141df173b999ae7c1adcbf60cc9833ce56a8,ETH+
0xe591293151ffdadd5e06487087d9b0e2743de92e,MORSE
0xdb82c0d91e057e05600c8f8dc836beb41da6df14,SLN
0xec213f83defb583af3a000b1c0ada660b1902a0f,PRE
0xc5fb36dd2fb59d3b98deff88425a3f425ee469ed,TSUKA
0xcdb4a8742ed7d0259b51e3454c46c9d6c48d5e88,GPT
0xf2c5780e2dda407781c0c5eccc9320d5988ea0a6,DCE
0xd55210bb6898c021a19de1f58d27b71f095921ee,CHKN
0xbfde5ac4f5adb419a931a5bf64b0f3bb5a623d06,FLUX
0xe73d53e3a982ab2750a0b76f9012e18b256cc243,N
0xcbf4d5efa82e32a9187385480a7c74cb062b956c,SATOSHI
0xdfc5964141c018485b4d017634660f85aa667714,ODIN
0xe32546a9402a4959e1139e61f208e771cfb59313,OTTO
0xddfb931be05ac6fa2853d3e066c210273a8de6c2,ALP
0xf0fec3ff0dca6c5633a0891fbb3cc09757b514d3,BUDDY
0xf244af8c82374c62403986ddefa311b0931d6906,BITMOG
0xc8388e437031b09b2c61fc4277469091382a1b13,SHOG
0xc668695dcbcf682de106da94bde65c9bc79362d3,SVPN
0xfec9f2cc0a754ffbaa66b3f0a7062109e88ccb99,KAGURA
0xee0cc2d153094f4a4878d5b68b1a1ccdf88bab15,Lemon
0xdf0de03575a5335cc29679386967a1ea5c2d5cf8,ACHI
0xc669928185dbce49d2230cc9b0979be6dc797957,BTT
0xf4020e7b15c1e4f8e9ab14ce380926159dd02d15,YUMI
0xedc3be0080f65c628964f44ba3f2b6057e60f8dc,DASH
0xd31a59c85ae9d8edefec411d448f90841571b89c,Wormhole
0xfe3e6a25e6b192a42a44ecddcd13796471735acf,REEF
0xaf5191b0de278c7286d6c7cc6ab6bb8a73ba2cd6,STG
0xc71b5f631354be6853efe9c3ab6b9590f8302e81,ZK
0xfa704148d516b209d52c2d75f239274c8f8eaf1a,wOCTA
0xd9641fc2826ecc9bebf4f3852fe4ed92a5239f02,AVENT
0xf3b9569f82b18aef890de263b84189bd33ebe452,CAW
0xd13cfd3133239a3c73a9e535a5c4dadee36b395c,VAI
0xd7d463b3e928e29c9880425bebee1ed5b2a7473b,KABOSU
0xebb66a88cedd12bfe3a289df6dfee377f2963f12,OSCAR
0xf3179ca0c8b1d29c95fc36cdb2bfccf68d72385a,BASED
0xfb7b4564402e5500db5bb6d63ae671302777c75a,DEXT
0xddada73651781c0c03478692512f1558269a069a,TRUMF
0xe9eccde9d26fcbb5e93f536cfc4510a7f46274f8,INFRA
0xd8fa690304d2b2824d918c0c7376e2823704557a,SquidGrow
0xfd9833f76f723656a527c4331e36d979ed44f42f,AGURI
0xe6705367880b4d5d1aeae948fd620f55ef7413e4,DOGEI
0xdec78e50bc8e6082b93f6d5c9c48623cf892daf5,หมูเด้ง
0xc11158c5da9db1d553ed28f0c2ba1cbedd42cfcb,wPAW
0xf93527450c3cdfc1c6a91555d968dc593c41ad60,wDOG
0xf629cbd94d3791c9250152bd8dfbdf380e2a3b9c,ENJ
0xf74eaae79461f6fec8084b4967c73a7a78ce03a3,Nobel
0xd1b89856d82f978d049116eba8b7f9df2f342ff3,PEPO
0xe79031b5aaeb3ee8d0145e3d75b81b36bffe341d,BOPPY
0xf4d2888d29d722226fafa5d9b24f9164c092421e,LOOKS
0xec11c246ab132f7ffa2b035e2784596bebabc2ee,SVM
